Data,Var2,Var3,Var4,Var5,Var6,Var7,Var8,Var9,Var10,Var11,Var12,Var13,Var14,Var15,Var16,Var17,Var18,Var19,Var20,Var21,Var22,Var23,Var24,Var25,Var26,Var27,Var28,Var29,Var30,Var31,Var32,Var33,Var34,Var35,Var36,Var37,Var38,Var39,Var40,Var41,Var42,Var43,Var44,Var45,Var46,Var47,Var48,Var49,Var50,Var51,Var52,Var53,Var54,Var55,Var56,Var57,Var58,Var59,Var60,Var61,Var62,Var63,Var64,Var65,Var66,Var67,Var68,Var69,Var70,Var71,Var72,Var73,Var74,Var75,Var76,Var77,Var78,Var79,Var80,BeforeCollectingThisSetOfData_INoticedThatTheWindTunnelWasCrank,Var82,Var83,Var84,Var85,Var86,Var87
NaN,NaN,NaN,NaN,NaN,NaN,NaN,NaN,NaN,NaN,NaN,NaN,NaN,NaN,NaN,NaN,NaN,NaN,NaN,NaN,NaN,NaN,NaN,NaN,NaN,NaN,NaN,NaN,NaN,NaN,NaN,NaN,NaN,NaN,NaN,NaN,NaN,NaN,NaN,NaN,NaN,NaN,NaN,NaN,NaN,NaN,NaN,NaN,NaN,NaN,NaN,NaN,NaN,NaN,NaN,NaN,NaN,NaN,NaN,NaN,NaN,NaN,NaN,NaN,NaN,NaN,NaN,NaN,NaN,NaN,NaN,NaN,NaN,NaN,NaN,NaN,NaN,NaN,NaN,NaN,NaN,NaN,NaN,NaN,NaN,NaN,NaN
NaN,44838,NaN,NaN,NaN,NaN,NaN,NaN,NaN,NaN,44838,NaN,NaN,NaN,NaN,NaN,NaN,NaN,NaN,44839,NaN,NaN,NaN,NaN,NaN,NaN,NaN,44841,NaN,NaN,NaN,NaN,NaN,NaN,NaN,NaN,44841,NaN,NaN,NaN,NaN,NaN,NaN,NaN,NaN,44841,NaN,NaN,NaN,NaN,NaN,NaN,NaN,NaN,NaN,NaN,NaN,NaN,NaN,NaN,NaN,NaN,NaN,NaN,NaN,NaN,NaN,NaN,NaN,NaN,NaN,NaN,NaN,NaN,NaN,NaN,NaN,NaN,NaN,NaN,NaN,44846,NaN,NaN,NaN,NaN,NaN
NaN,4.5,NaN,NaN,0.4636990757,NaN,NaN,NaN,NaN,NaN,4.40625,NaN,NaN,0.4636990757,NaN,NaN,NaN,NaN,NaN,4.5,NaN,NaN,NaN,NaN,NaN,NaN,NaN,4.5,NaN,NaN,0.4636990757,NaN,NaN,NaN,NaN,NaN,4.5,NaN,NaN,0.4636990757,NaN,NaN,NaN,NaN,NaN,4.5,NaN,NaN,0.4636990757,NaN,NaN,NaN,NaN,NaN,4.5,NaN,NaN,0.4636990757,NaN,NaN,NaN,NaN,NaN,4.5,NaN,NaN,0.4636990757,NaN,NaN,NaN,NaN,NaN,4.5,NaN,NaN,0.4636990757,NaN,NaN,NaN,NaN,NaN,4.5,NaN,NaN,NaN,NaN,NaN
NaN,9.5,NaN,NaN,0.207083879,NaN,NaN,0.98,NaN,NaN,14.3,NaN,NaN,0.2288420444,NaN,NaN,0.98,NaN,NaN,19.3,NaN,NaN,NaN,NaN,NaN,NaN,NaN,19.3,NaN,NaN,0.220743977,NaN,NaN,0.98,NaN,NaN,24.3,NaN,NaN,0.2163599391,NaN,NaN,0.98,NaN,NaN,29.3,NaN,NaN,0.2166607481,NaN,NaN,0.98,NaN,NaN,34.3,NaN,NaN,0.2132958623,NaN,NaN,0.98,NaN,NaN,39.3,NaN,NaN,0.213867169,NaN,NaN,0.98,NaN,NaN,44.3,NaN,NaN,0.2160034598,NaN,NaN,0.98,NaN,NaN,44.3,NaN,NaN,NaN,NaN,NaN
NaN,5.2625,NaN,NaN,0.8931821946,NaN,NaN,NaN,NaN,NaN,10.0625,NaN,NaN,0.9870282535,NaN,NaN,NaN,NaN,NaN,15.0625,NaN,NaN,NaN,NaN,NaN,NaN,NaN,15.0625,NaN,NaN,0.9521001381,NaN,NaN,NaN,NaN,NaN,20.0625,NaN,NaN,0.9331911598,NaN,NaN,NaN,NaN,NaN,25.0625,NaN,NaN,0.9344885915,NaN,NaN,NaN,NaN,NaN,30.0625,NaN,NaN,0.919975361,NaN,NaN,NaN,NaN,NaN,35.0625,NaN,NaN,0.9224394883,NaN,NaN,NaN,NaN,NaN,40.0625,NaN,NaN,0.9316536141,NaN,NaN,NaN,NaN,NaN,40.0625,NaN,NaN,NaN,NaN,NaN
NaN,1.0525,NaN,NaN,NaN,NaN,NaN,NaN,NaN,NaN,2.0125,NaN,NaN,NaN,NaN,NaN,NaN,NaN,NaN,3.0125,NaN,NaN,NaN,NaN,NaN,NaN,NaN,3.0125,NaN,NaN,NaN,NaN,NaN,NaN,NaN,NaN,4.0125,NaN,NaN,NaN,NaN,NaN,NaN,NaN,NaN,5.0125,NaN,NaN,NaN,NaN,NaN,NaN,NaN,NaN,6.0125,NaN,NaN,NaN,NaN,NaN,NaN,NaN,NaN,7.0125,NaN,NaN,NaN,NaN,NaN,NaN,NaN,NaN,8.0125,NaN,NaN,NaN,NaN,NaN,NaN,NaN,NaN,8.0125,NaN,NaN,NaN,NaN,NaN
NaN,70.5,NaN,NaN,NaN,NaN,NaN,NaN,NaN,NaN,76.5,NaN,NaN,NaN,NaN,NaN,NaN,NaN,NaN,73.5,NaN,NaN,NaN,NaN,NaN,NaN,NaN,73.5,NaN,NaN,NaN,NaN,NaN,NaN,NaN,NaN,73.5,NaN,NaN,NaN,NaN,NaN,NaN,NaN,NaN,70.5,NaN,NaN,NaN,NaN,NaN,NaN,NaN,NaN,75,NaN,NaN,NaN,NaN,NaN,NaN,NaN,NaN,73.5,NaN,NaN,NaN,NaN,NaN,NaN,NaN,NaN,70.5,NaN,NaN,NaN,NaN,NaN,NaN,NaN,NaN,75,NaN,NaN,NaN,NaN,NaN
NaN,NaN,NaN,NaN,NaN,NaN,NaN,NaN,NaN,NaN,NaN,NaN,NaN,NaN,NaN,NaN,NaN,NaN,NaN,NaN,NaN,NaN,NaN,NaN,NaN,NaN,NaN,NaN,NaN,NaN,NaN,NaN,NaN,NaN,NaN,NaN,NaN,NaN,NaN,NaN,NaN,NaN,NaN,NaN,NaN,NaN,NaN,NaN,NaN,NaN,NaN,NaN,NaN,NaN,NaN,NaN,NaN,NaN,NaN,NaN,NaN,NaN,NaN,NaN,NaN,NaN,NaN,NaN,NaN,NaN,NaN,NaN,NaN,NaN,NaN,NaN,NaN,NaN,NaN,NaN,NaN,NaN,NaN,NaN,NaN,NaN,NaN
0,0,1.41,149.75,154.25,4.5,1,0,NaN,0,0,1.53,149.75,154.25,4.5,1.010582305,0,NaN,0,0,1.47,149.75,154.25,4.5,1,NaN,0,0,1.47,149.75,154.25,4.5,1,0,NaN,0,0,1.47,149.75,154.25,4.5,1,0,NaN,0,0,1.41,149.75,154.25,4.5,1,0,NaN,0,0,1.5,149.75,154.25,4.5,1,0,NaN,0,0,1.47,149.75,154.25,4.5,1,0,NaN,0,0,1.41,149.75,154.25,4.5,1,0,NaN,-15,-45,2.4,149.75,154.25,4.5,1
0.5,1.5,1.38,NaN,NaN,0,NaN,NaN,NaN,0.5,1.5,1.5,NaN,NaN,0,NaN,NaN,NaN,0.5,1.5,1.44,NaN,NaN,0,NaN,NaN,0.5,1.5,1.44,NaN,NaN,0,NaN,NaN,NaN,0.5,1.5,1.44,NaN,NaN,0,NaN,NaN,NaN,0.5,1.5,1.38,NaN,NaN,0,NaN,NaN,NaN,0.5,1.5,1.47,NaN,NaN,0,NaN,NaN,NaN,0.5,1.5,1.44,NaN,NaN,0,NaN,NaN,NaN,0.5,1.5,1.38,NaN,NaN,0,NaN,NaN,NaN,-14.5,-43.5,2.37,NaN,NaN,0,0
1,3,1.35,149.8125,154.1875,4.375,0.9860132972,0,NaN,1,3,1.47,149.8125,154.1875,4.375,0.9964475909,0,NaN,1,3,1.41,149.78125,154.25,4.46875,0.9965217286,NaN,1,3,1.41,149.75,154.25,4.5,1,0,NaN,1,3,1.41,149.75,154.25,4.5,1,0,NaN,1,3,1.35,149.78125,154.25,4.46875,0.9965217286,0,NaN,1,3,1.44,149.75,154.25,4.5,1,0,NaN,1,3,1.41,149.75,154.25,4.5,1,0,NaN,1,3,1.35,149.78125,154.21875,4.4375,0.993031274,0,NaN,-14,-42,2.34,149.75,154.25,4.5,1
1.5,4.5,1.32,NaN,NaN,0,NaN,NaN,NaN,1.5,4.5,1.44,NaN,NaN,0,NaN,NaN,NaN,1.5,4.5,1.38,NaN,NaN,0,NaN,NaN,1.5,4.5,1.38,NaN,NaN,0,NaN,NaN,NaN,1.5,4.5,1.38,NaN,NaN,0,NaN,NaN,NaN,1.5,4.5,1.32,NaN,NaN,0,NaN,NaN,NaN,1.5,4.5,1.41,NaN,NaN,0,NaN,NaN,NaN,1.5,4.5,1.38,NaN,NaN,0,NaN,NaN,NaN,1.5,4.5,1.32,NaN,NaN,0,NaN,NaN,NaN,-13.5,-40.5,2.31,NaN,NaN,0,0
2,6,1.29,149.8125,154.1875,4.375,0.9860132972,0,NaN,2,6,1.41,149.8125,154.1875,4.375,0.9964475909,0,NaN,2,6,1.35,149.78125,154.25,4.46875,0.9965217286,NaN,2,6,1.35,149.78125,154.25,4.46875,0.9965217286,0,NaN,2,6,1.35,149.78125,154.21875,4.4375,0.993031274,0,NaN,2,6,1.29,149.78125,154.21875,4.4375,0.993031274,0,NaN,2,6,1.38,149.75,154.25,4.5,1,0,NaN,2,6,1.35,149.78125,154.25,4.46875,0.9965217286,0,NaN,2,6,1.29,149.78125,154.21875,4.4375,0.993031274,0,NaN,-13,-39,2.28,149.75,154.25,4.5,1
2.5,7.5,1.26,NaN,NaN,0,NaN,NaN,NaN,2.5,7.5,1.38,NaN,NaN,0,NaN,NaN,NaN,2.5,7.5,1.32,NaN,NaN,0,NaN,NaN,2.5,7.5,1.32,NaN,NaN,0,NaN,NaN,NaN,2.5,7.5,1.32,NaN,NaN,0,NaN,NaN,NaN,2.5,7.5,1.26,NaN,NaN,0,NaN,NaN,NaN,2.5,7.5,1.35,NaN,NaN,0,NaN,NaN,NaN,2.5,7.5,1.32,NaN,NaN,0,NaN,NaN,NaN,2.5,7.5,1.26,NaN,NaN,0,NaN,NaN,NaN,-12.5,-37.5,2.25,NaN,NaN,0,0
3,9,1.23,149.8125,154.1875,4.375,0.9860132972,0,NaN,3,9,1.35,149.8125,154.1875,4.375,0.9964475909,0,NaN,3,9,1.29,149.78125,154.25,4.46875,0.9965217286,NaN,3,9,1.29,149.78125,154.25,4.46875,0.9965217286,0,NaN,3,9,1.29,149.78125,154.21875,4.4375,0.993031274,0,NaN,3,9,1.23,149.78125,154.21875,4.4375,0.993031274,0,NaN,3,9,1.32,149.78125,154.25,4.46875,0.9965217286,0,NaN,3,9,1.29,149.78125,154.21875,4.4375,0.993031274,0,NaN,3,9,1.23,149.78125,154.21875,4.4375,0.993031274,0,NaN,-12,-36,2.22,149.75,154.25,4.5,1
3.5,10.5,1.2,NaN,NaN,0,NaN,NaN,NaN,3.5,10.5,1.32,NaN,NaN,0,NaN,NaN,NaN,3.5,10.5,1.26,NaN,NaN,0,NaN,NaN,3.5,10.5,1.26,NaN,NaN,0,NaN,NaN,NaN,3.5,10.5,1.26,NaN,NaN,0,NaN,NaN,NaN,3.5,10.5,1.2,NaN,NaN,0,NaN,NaN,NaN,3.5,10.5,1.29,NaN,NaN,0,NaN,NaN,NaN,3.5,10.5,1.26,NaN,NaN,0,NaN,NaN,NaN,3.5,10.5,1.2,NaN,NaN,0,NaN,NaN,NaN,-11.5,-34.5,2.19,NaN,NaN,0,0
4,12,1.17,149.8125,154.1875,4.375,0.9860132972,0,NaN,4,12,1.29,149.8125,154.1875,4.375,0.9964475909,0,NaN,4,12,1.23,149.78125,154.21875,4.4375,0.993031274,NaN,4,12,1.23,149.78125,154.25,4.46875,0.9965217286,0,NaN,4,12,1.23,149.78125,154.21875,4.4375,0.993031274,0,NaN,4,12,1.17,149.78125,154.21875,4.4375,0.993031274,0,NaN,4,12,1.26,149.78125,154.25,4.46875,0.9965217286,0,NaN,4,12,1.23,149.78125,154.21875,4.4375,0.993031274,0,NaN,4,12,1.17,149.78125,154.21875,4.4375,0.993031274,0,NaN,-11,-33,2.16,149.75,154.25,4.5,1
4.5,13.5,1.14,NaN,NaN,0,NaN,NaN,NaN,4.5,13.5,1.26,NaN,NaN,0,NaN,NaN,NaN,4.5,13.5,1.2,NaN,NaN,0,NaN,NaN,4.5,13.5,1.2,NaN,NaN,0,NaN,NaN,NaN,4.5,13.5,1.2,NaN,NaN,0,NaN,NaN,NaN,4.5,13.5,1.14,NaN,NaN,0,NaN,NaN,NaN,4.5,13.5,1.23,NaN,NaN,0,NaN,NaN,NaN,4.5,13.5,1.2,NaN,NaN,0,NaN,NaN,NaN,4.5,13.5,1.14,NaN,NaN,0,NaN,NaN,NaN,-10.5,-31.5,2.13,NaN,NaN,0,0
5,15,1.11,149.8125,154.1875,4.375,0.9860132972,0,NaN,5,15,1.23,149.8125,154.1875,4.375,0.9964475909,0,NaN,5,15,1.17,149.78125,154.21875,4.4375,0.993031274,NaN,5,15,1.17,149.78125,154.21875,4.4375,0.993031274,0,NaN,5,15,1.17,149.78125,154.21875,4.4375,0.993031274,0,NaN,5,15,1.11,149.78125,154.21875,4.4375,0.993031274,0,NaN,5,15,1.2,149.78125,154.25,4.46875,0.9965217286,0,NaN,5,15,1.17,149.78125,154.21875,4.4375,0.993031274,0,NaN,5,15,1.11,149.8125,154.1875,4.375,0.9860132972,0,NaN,-10,-30,2.1,149.75,154.25,4.5,1
5.5,16.5,1.08,NaN,NaN,0,NaN,NaN,NaN,5.5,16.5,1.2,NaN,NaN,0,NaN,NaN,NaN,5.5,16.5,1.14,NaN,NaN,0,NaN,NaN,5.5,16.5,1.14,NaN,NaN,0,NaN,NaN,NaN,5.5,16.5,1.14,NaN,NaN,0,NaN,NaN,NaN,5.5,16.5,1.08,NaN,NaN,0,NaN,NaN,NaN,5.5,16.5,1.17,NaN,NaN,0,NaN,NaN,NaN,5.5,16.5,1.14,NaN,NaN,0,NaN,NaN,NaN,5.5,16.5,1.08,NaN,NaN,0,NaN,NaN,NaN,-9.5,-28.5,2.07,NaN,NaN,0,0
6,18,1.05,149.8125,154.1875,4.375,0.9860132972,0,NaN,6,18,1.17,149.84375,154.1875,4.34375,0.9928824718,0,NaN,6,18,1.11,149.78125,154.21875,4.4375,0.993031274,NaN,6,18,1.11,149.78125,154.21875,4.4375,0.993031274,0,NaN,6,18,1.11,149.78125,154.21875,4.4375,0.993031274,0,NaN,6,18,1.05,149.78125,154.21875,4.4375,0.993031274,0,NaN,6,18,1.14,149.78125,154.21875,4.4375,0.993031274,0,NaN,6,18,1.11,149.78125,154.21875,4.4375,0.993031274,0,NaN,6,18,1.05,149.8125,154.1875,4.375,0.9860132972,0,NaN,-9,-27,2.04,149.75,154.25,4.5,1
6.5,19.5,1.02,NaN,NaN,0,NaN,NaN,NaN,6.5,19.5,1.14,NaN,NaN,0,NaN,NaN,NaN,6.5,19.5,1.08,NaN,NaN,0,NaN,NaN,6.5,19.5,1.08,NaN,NaN,0,NaN,NaN,NaN,6.5,19.5,1.08,NaN,NaN,0,NaN,NaN,NaN,6.5,19.5,1.02,NaN,NaN,0,NaN,NaN,NaN,6.5,19.5,1.11,NaN,NaN,0,NaN,NaN,NaN,6.5,19.5,1.08,NaN,NaN,0,NaN,NaN,NaN,6.5,19.5,1.02,NaN,NaN,0,NaN,NaN,NaN,-8.5,-25.5,2.01,NaN,NaN,0,0
7,21,0.99,149.8125,154.1875,4.375,0.9860132972,0,NaN,7,21,1.11,149.84375,154.1875,4.34375,0.9928824718,0,NaN,7,21,1.05,149.78125,154.21875,4.4375,0.993031274,NaN,7,21,1.05,149.78125,154.21875,4.4375,0.993031274,0,NaN,7,21,1.05,149.78125,154.21875,4.4375,0.993031274,0,NaN,7,21,0.99,149.78125,154.21875,4.4375,0.993031274,0,NaN,7,21,1.08,149.78125,154.21875,4.4375,0.993031274,0,NaN,7,21,1.05,149.78125,154.21875,4.4375,0.993031274,0,NaN,7,21,0.99,149.8125,154.1875,4.375,0.9860132972,0,NaN,-8,-24,1.98,149.75,154.25,4.5,1
7.5,22.5,0.96,NaN,NaN,0,NaN,NaN,NaN,7.5,22.5,1.08,NaN,NaN,0,NaN,NaN,NaN,7.5,22.5,1.02,NaN,NaN,0,NaN,NaN,7.5,22.5,1.02,NaN,NaN,0,NaN,NaN,NaN,7.5,22.5,1.02,NaN,NaN,0,NaN,NaN,NaN,7.5,22.5,0.96,NaN,NaN,0,NaN,NaN,NaN,7.5,22.5,1.05,NaN,NaN,0,NaN,NaN,NaN,7.5,22.5,1.02,NaN,NaN,0,NaN,NaN,NaN,7.5,22.5,0.96,NaN,NaN,0,NaN,NaN,NaN,-7.5,-22.5,1.95,NaN,NaN,0,0
8,24,0.93,149.8125,154.1875,4.375,0.9860132972,0,NaN,8,24,1.05,149.84375,154.1875,4.34375,0.9928824718,0,NaN,8,24,0.99,149.78125,154.21875,4.4375,0.993031274,NaN,8,24,0.99,149.78125,154.21875,4.4375,0.993031274,0,NaN,8,24,0.99,149.78125,154.21875,4.4375,0.993031274,0,NaN,8,24,0.93,149.78125,154.21875,4.4375,0.993031274,0,NaN,8,24,1.02,149.78125,154.21875,4.4375,0.993031274,0,NaN,8,24,0.99,149.8125,154.1875,4.375,0.9860132972,0,NaN,8,24,0.93,149.8125,154.1875,4.375,0.9860132972,0,NaN,-7,-21,1.92,149.75,154.25,4.5,1
8.5,25.5,0.9,NaN,NaN,0,NaN,NaN,NaN,8.5,25.5,1.02,NaN,NaN,0,NaN,NaN,NaN,8.5,25.5,0.96,NaN,NaN,0,NaN,NaN,8.5,25.5,0.96,NaN,NaN,0,NaN,NaN,NaN,8.5,25.5,0.96,NaN,NaN,0,NaN,NaN,NaN,8.5,25.5,0.9,NaN,NaN,0,NaN,NaN,NaN,8.5,25.5,0.99,NaN,NaN,0,NaN,NaN,NaN,8.5,25.5,0.96,NaN,NaN,0,NaN,NaN,NaN,8.5,25.5,0.9,NaN,NaN,0,NaN,NaN,NaN,-6.5,-19.5,1.89,NaN,NaN,0,0
9,27,0.87,149.8125,154.1875,4.375,0.9860132972,0,NaN,9,27,0.99,149.84375,154.1875,4.34375,0.9928824718,0,NaN,9,27,0.93,149.78125,154.21875,4.4375,0.993031274,NaN,9,27,0.93,149.78125,154.21875,4.4375,0.993031274,0,NaN,9,27,0.93,149.78125,154.21875,4.4375,0.993031274,0,NaN,9,27,0.87,149.78125,154.21875,4.4375,0.993031274,0,NaN,9,27,0.96,149.78125,154.21875,4.4375,0.993031274,0,NaN,9,27,0.93,149.8125,154.1875,4.375,0.9860132972,0,NaN,9,27,0.87,149.84375,154.15625,4.3125,0.9789450104,0.003857758689,NaN,-6,-18,1.86,149.75,154.25,4.5,1
9.5,28.5,0.84,NaN,NaN,0,NaN,NaN,NaN,9.5,28.5,0.96,NaN,NaN,0,NaN,NaN,NaN,9.5,28.5,0.9,NaN,NaN,0,NaN,NaN,9.5,28.5,0.9,NaN,NaN,0,NaN,NaN,NaN,9.5,28.5,0.9,NaN,NaN,0,NaN,NaN,NaN,9.5,28.5,0.84,NaN,NaN,0,NaN,NaN,NaN,9.5,28.5,0.93,NaN,NaN,0,NaN,NaN,NaN,9.5,28.5,0.9,NaN,NaN,0,NaN,NaN,NaN,9.5,28.5,0.84,149.875,154.125,4.25,0.9718253158,0.004257967444,NaN,-5.5,-16.5,1.83,NaN,NaN,0,0
10,30,0.81,149.8125,154.1875,4.375,0.9860132972,0,NaN,10,30,0.93,149.84375,154.1875,4.34375,0.9928824718,0,NaN,10,30,0.87,149.96875,154,4.03125,0.9464847243,NaN,10,30,0.87,149.78125,154.21875,4.4375,0.993031274,0,NaN,10,30,0.87,149.78125,154.21875,4.4375,0.993031274,0,NaN,10,30,0.81,149.8125,154.1875,4.375,0.9860132972,0,NaN,10,30,0.9,149.8125,154.1875,4.375,0.9860132972,0,NaN,10,30,0.87,149.8125,154.15625,4.34375,0.9824855102,0,NaN,10,30,0.81,149.875,154.125,4.25,0.9718253158,0.004842300854,NaN,-5,-15,1.8,149.75,154.25,4.5,1
10.5,31.5,0.78,NaN,NaN,0,NaN,NaN,NaN,10.5,31.5,0.9,NaN,NaN,0,NaN,NaN,NaN,10.5,31.5,0.84,NaN,NaN,0,NaN,NaN,10.5,31.5,0.84,NaN,NaN,0,NaN,NaN,NaN,10.5,31.5,0.84,NaN,NaN,0,NaN,NaN,NaN,10.5,31.5,0.78,NaN,NaN,0,NaN,NaN,NaN,10.5,31.5,0.87,NaN,NaN,0,NaN,NaN,NaN,10.5,31.5,0.84,NaN,NaN,0,NaN,NaN,NaN,10.5,31.5,0.78,149.90625,154.0625,4.15625,0.9610468829,0.005867247712,NaN,-4.5,-13.5,1.77,NaN,NaN,0,0
11,33,0.75,149.8125,154.1875,4.375,0.9860132972,0,NaN,11,33,0.87,149.84375,154.1875,4.34375,0.9928824718,0,NaN,11,33,0.81,149.96875,154,4.03125,0.9464847243,NaN,11,33,0.81,149.78125,154.1875,4.40625,0.9895285073,0,NaN,11,33,0.81,149.8125,154.1875,4.375,0.9860132972,0,NaN,11,33,0.75,149.875,154.125,4.25,0.9718253158,0.01003170657,NaN,11,33,0.84,149.84375,154.15625,4.3125,0.9789450104,0.008276816266,NaN,11,33,0.81,149.84375,154.125,4.28125,0.9753916592,0.009427148253,NaN,11,33,0.75,149.9375,154.03125,4.09375,0.9537935952,0.006774157145,NaN,-4,-12,1.74,149.75,154.25,4.5,1
11.5,34.5,0.72,NaN,NaN,0,NaN,NaN,NaN,11.5,34.5,0.84,NaN,NaN,0,NaN,NaN,NaN,11.5,34.5,0.78,NaN,NaN,0,NaN,NaN,11.5,34.5,0.78,NaN,NaN,0,NaN,NaN,NaN,11.5,34.5,0.78,NaN,NaN,0,NaN,NaN,NaN,11.5,34.5,0.72,NaN,NaN,0,NaN,NaN,NaN,11.5,34.5,0.81,NaN,NaN,0,NaN,NaN,NaN,11.5,34.5,0.78,NaN,NaN,0,NaN,NaN,NaN,11.5,34.5,0.72,150,154,4,0.9428090416,0.007797469422,NaN,-3.5,-10.5,1.71,NaN,NaN,0,0
12,36,0.69,149.8125,154.1875,4.375,0.9860132972,0,NaN,12,36,0.81,149.84375,154.1875,4.34375,0.9928824718,0,NaN,12,36,0.75,149.8125,154.1875,4.375,0.9860132972,NaN,12,36,0.75,149.8125,154.1875,4.375,0.9860132972,0,NaN,12,36,0.75,149.84375,154.1875,4.34375,0.9824855102,0,NaN,12,36,0.69,149.9375,154,4.0625,0.9501461876,0.006636871268,NaN,12,36,0.78,149.90625,154.09375,4.1875,0.9646530752,0.005387805907,NaN,12,36,0.75,149.9375,154.0625,4.125,0.9574271078,0.006318308217,NaN,12,36,0.69,150.03125,153.9375,3.90625,0.9316949906,0.008495562528,NaN,-3,-9,1.68,149.75,154.25,4.5,1
12.5,37.5,0.66,149.875,154.125,4.25,0.9718253158,0.005097987537,NaN,12.5,37.5,0.78,NaN,NaN,0,NaN,NaN,NaN,12.5,37.5,0.72,149.84375,154.125,4.28125,0.9753916592,NaN,12.5,37.5,0.72,149.84375,154.21875,4.375,0.9860132972,0,NaN,12.5,37.5,0.72,NaN,NaN,0,NaN,NaN,NaN,12.5,37.5,0.66,149.96875,153.9375,3.96875,0.9391189725,0.008092132122,NaN,12.5,37.5,0.75,149.9375,154.0625,4.125,0.9574271078,0.006540121162,NaN,12.5,37.5,0.72,149.96875,154,4.03125,0.9464847243,0.007155237314,NaN,12.5,37.5,0.66,150.0625,153.90625,3.84375,0.9242113755,0.009079660804,NaN,-2.5,-7.5,1.65,NaN,NaN,0,0
13,39,0.63,150,153.96875,3.96875,0.9391189725,0.009453301137,NaN,13,39,0.75,149.84375,154.1875,4.34375,0.9928824718,0,NaN,13,39,0.69,149.875,154.0625,4.1875,0.9646530752,NaN,13,39,0.69,149.875,154.09375,4.21875,0.9682458366,0.005150127058,NaN,13,39,0.69,149.9375,154.0625,4.125,0.9574271078,0.006004715018,NaN,13,39,0.63,150.09375,153.875,3.78125,0.9166666667,0.009736563506,NaN,13,39,0.72,150,154,4,0.9428090416,0.008006230597,NaN,13,39,0.69,150,153.96875,3.96875,0.9391189725,0.007876397298,NaN,13,39,0.63,150.125,153.875,3.75,0.9128709292,0.009923521449,NaN,-2,-6,1.62,149.75,154.25,4.5,1
13.5,40.5,0.6,150.25,153.71875,3.46875,0.8779711461,0.01495309393,NaN,13.5,40.5,0.72,NaN,NaN,0,NaN,NaN,NaN,13.5,40.5,0.66,150,154,4,0.9428090416,NaN,13.5,40.5,0.66,149.96875,154,4.03125,0.9464847243,0.007309677266,NaN,13.5,40.5,0.66,150,154,4,0.9428090416,0.007323293644,NaN,13.5,40.5,0.6,150.1875,153.8125,3.625,0.8975274679,0.01095646466,NaN,13.5,40.5,0.69,150.0625,153.9375,3.875,0.9279607271,0.009294814826,NaN,13.5,40.5,0.66,150.0625,153.9375,3.875,0.9279607271,0.008880914736,NaN,13.5,40.5,0.6,150.1875,153.8125,3.625,0.8975274679,0.01079538225,NaN,-1.5,-4.5,1.59,NaN,NaN,0,0
14,42,0.57,150.59375,153.40625,2.8125,0.790569415,0.01983482908,NaN,14,42,0.69,149.875,154.125,4.25,0.982109468,0,NaN,14,42,0.63,150.0625,153.90625,3.84375,0.9242113755,NaN,14,42,0.63,150.0625,153.90625,3.84375,0.9242113755,0.009533329222,NaN,14,42,0.63,150.0625,153.9375,3.875,0.9279607271,0.009170158676,NaN,14,42,0.57,150.25,153.71875,3.46875,0.8779711461,0.01210436841,NaN,14,42,0.66,150.125,153.875,3.75,0.9128709292,0.01040845316,NaN,14,42,0.63,150.125,153.875,3.75,0.9128709292,0.009749120074,NaN,14,42,0.57,150.25,153.75,3.5,0.8819171037,0.01134962003,NaN,-1,-3,1.56,149.75,154.25,4.5,1
14.5,43.5,0.54,150.9375,153.0625,2.125,0.6871842709,0.0227894122,NaN,14.5,43.5,0.66,149.9375,154.0625,4.125,0.9675588937,0.00541696761,NaN,14.5,43.5,0.6,150.21875,153.75,3.53125,0.8858454844,NaN,14.5,43.5,0.6,150.1875,153.78125,3.59375,0.8936504412,0.01176454996,NaN,14.5,43.5,0.6,150.1875,153.8125,3.625,0.8975274679,0.01111659003,NaN,14.5,43.5,0.54,150.34375,153.625,3.28125,0.8539125638,0.01302467725,NaN,14.5,43.5,0.63,150.1875,153.8125,3.625,0.8975274679,0.01151943415,NaN,14.5,43.5,0.6,150.15625,153.8125,3.65625,0.9013878189,0.01062098087,NaN,14.5,43.5,0.54,150.28125,153.6875,3.40625,0.8700255424,0.01161240155,NaN,-0.5,-1.5,1.53,NaN,NaN,0,0
15,45,0.51,151.28125,152.6875,1.40625,0.5590169944,0.02295590944,NaN,15,45,0.63,150.0625,153.9375,3.875,0.9377806908,0.008945379956,NaN,15,45,0.57,150.34375,153.625,3.28125,0.8539125638,NaN,15,45,0.57,150.3125,153.65625,3.34375,0.8620067027,0.0138780567,NaN,15,45,0.57,150.28125,153.71875,3.4375,0.8740073735,0.01241048093,NaN,15,45,0.51,150.4375,153.5625,3.125,0.8333333333,0.01345403002,NaN,15,45,0.6,150.25,153.71875,3.46875,0.8779711461,0.01244870303,NaN,15,45,0.57,150.25,153.75,3.5,0.8819171037,0.01149946694,NaN,15,45,0.51,150.34375,153.65625,3.3125,0.8579691784,0.01175929015,NaN,0,0,1.5,149.75,154.25,4.5,1
15.5,46.5,0.48,151.5625,152.40625,0.84375,0.4330127019,0.02037712133,NaN,15.5,46.5,0.6,150.25,153.75,3.5,0.8912498197,0.01277639985,NaN,15.5,46.5,0.54,150.4375,153.5,3.0625,0.8249579114,NaN,15.5,46.5,0.54,150.46875,153.5,3.03125,0.8207381501,0.01556826913,NaN,15.5,46.5,0.54,150.375,153.625,3.25,0.8498365856,0.01343567673,NaN,15.5,46.5,0.48,150.5,153.5,3,0.8164965809,0.01347085987,NaN,15.5,46.5,0.57,150.3125,153.65625,3.34375,0.8620067027,0.01288498247,NaN,15.5,46.5,0.54,150.3125,153.6875,3.375,0.8660254038,0.01190105596,NaN,15.5,46.5,0.48,150.375,153.59375,3.21875,0.8457409638,0.01179250171,NaN,0.5,1.5,1.47,NaN,NaN,0,0
16,48,0.45,151.75,152.21875,0.46875,0.3227486122,0.01718706371,NaN,16,48,0.57,150.4375,153.53125,3.09375,0.8379305816,0.01587038044,NaN,16,48,0.51,150.625,153.375,2.75,0.78173596,NaN,16,48,0.51,150.59375,153.375,2.78125,0.7861650943,0.01635072131,NaN,16,48,0.51,150.46875,153.53125,3.0625,0.8249579114,0.0140797919,NaN,16,48,0.45,150.53125,153.4375,2.90625,0.8036375634,0.01334717355,NaN,16,48,0.54,150.375,153.625,3.25,0.8498365856,0.0131706644,NaN,16,48,0.51,150.34375,153.625,3.28125,0.8539125638,0.01189809764,NaN,16,48,0.45,150.4375,153.5625,3.125,0.8333333333,0.01160651882,NaN,1,3,1.44,149.75,154.25,4.5,1
16.5,49.5,0.42,151.8125,152.15625,0.34375,0.2763853992,0.01608481625,NaN,16.5,49.5,0.54,150.625,153.34375,2.71875,0.7855070188,0.01795570111,NaN,16.5,49.5,0.48,150.6875,153.25,2.5625,0.7546154282,NaN,16.5,49.5,0.48,150.6875,153.28125,2.59375,0.7592027983,0.01660521856,NaN,16.5,49.5,0.48,150.53125,153.4375,2.90625,0.8036375634,0.0143753511,NaN,16.5,49.5,0.42,150.59375,153.375,2.78125,0.7861650943,0.01301758112,NaN,16.5,49.5,0.51,150.4375,153.5625,3.125,0.8333333333,0.01333175483,NaN,16.5,49.5,0.48,150.375,153.59375,3.21875,0.8457409638,0.01190986743,NaN,16.5,49.5,0.42,150.4375,153.5,3.0625,0.8249579114,0.01122327592,NaN,1.5,4.5,1.41,NaN,NaN,0,0
17,51,0.39,151.75,152.25,0.5,0.3333333333,0.01658604789,NaN,17,51,0.51,150.8125,153.1875,2.375,0.7341710238,0.01932528124,NaN,17,51,0.45,150.8125,153.1875,2.375,0.7264831573,NaN,17,51,0.45,150.78125,153.1875,2.40625,0.7312470323,0.01661287452,NaN,17,51,0.45,150.625,153.375,2.75,0.78173596,0.0143785808,NaN,17,51,0.39,150.625,153.34375,2.71875,0.7772815878,0.01240311646,NaN,17,51,0.48,150.46875,153.5,3.03125,0.8207381501,0.01334858467,NaN,17,51,0.45,150.4375,153.53125,3.09375,0.8291561976,0.01183173858,NaN,17,51,0.39,150.5,153.5,3,0.8164965809,0.01068180743,NaN,2,6,1.38,149.75,154.25,4.5,1
17.5,52.5,0.36,151.5,152.4375,0.9375,0.4564354646,0.01587654937,NaN,17.5,52.5,0.48,151,153,2,0.6737215369,0.01982827661,NaN,17.5,52.5,0.42,150.875,153.09375,2.21875,0.7021791478,NaN,17.5,52.5,0.42,150.875,153.09375,2.21875,0.7021791478,0.01610903635,NaN,17.5,52.5,0.42,150.6875,153.3125,2.625,0.7637626158,0.01411855009,NaN,17.5,52.5,0.36,150.65625,153.3125,2.65625,0.7682953714,0.01170792876,NaN,17.5,52.5,0.45,150.53125,153.4375,2.90625,0.8036375634,0.01304264644,NaN,17.5,52.5,0.42,150.46875,153.5,3.03125,0.8207381501,0.01142966441,NaN,17.5,52.5,0.36,150.5,153.46875,2.96875,0.8122328621,0.01016379655,NaN,2.5,7.5,1.35,NaN,NaN,0,0
18,54,0.33,151.1875,152.8125,1.625,0.6009252126,0.01295272448,NaN,18,54,0.45,151.125,152.875,1.75,0.6302087912,0.01932422329,NaN,18,54,0.39,150.9375,153.0625,2.125,0.6871842709,NaN,18,54,0.39,150.90625,153.0625,2.15625,0.6922186552,0.01505975765,NaN,18,54,0.39,150.75,153.25,2.5,0.7453559925,0.01349326639,NaN,18,54,0.33,150.65625,153.2575758,2.601325758,0.7603107198,0.01076945188,NaN,18,54,0.42,150.5625,153.4375,2.875,0.7993052539,0.01243570661,NaN,18,54,0.39,150.5,153.46875,2.96875,0.8122328621,0.01078034188,NaN,18,54,0.33,150.5625,153.4375,2.875,0.7993052539,0.009598087137,NaN,3,9,1.32,149.75,154.25,4.5,1
18.5,55.5,0.3,150.78125,153.21875,2.4375,0.7359800722,0.008446569011,NaN,18.5,55.5,0.42,151.1875,152.8125,1.625,0.6072843866,0.01833509357,NaN,18.5,55.5,0.36,150.9375,153.0625,2.125,0.6871842709,NaN,18.5,55.5,0.36,150.90625,153.0625,2.15625,0.6922186552,0.01373279697,NaN,18.5,55.5,0.36,150.75,153.21875,2.46875,0.7406828681,0.01249061227,NaN,18.5,55.5,0.3,150.6875,153.3125,2.625,0.7637626158,0.009631513767,NaN,18.5,55.5,0.39,150.59375,153.40625,2.8125,0.790569415,0.01187493913,NaN,18.5,55.5,0.36,150.46875,153.4375,2.96875,0.8122328621,0.01024430426,NaN,18.5,55.5,0.3,150.5625,153.40625,2.84375,0.7949493345,0.008822083116,NaN,3.5,10.5,1.29,NaN,NaN,0,0
19,57,0.27,150.3125,153.6875,3.375,0.8660254038,0.006855101089,NaN,19,57,0.39,151.21875,152.75,1.53125,0.5895063447,0.01702801304,NaN,19,57,0.33,150.875,153.0625,2.1875,0.6972166888,NaN,19,57,0.33,150.875,153.09375,2.21875,0.7021791478,0.01224299867,NaN,19,57,0.33,150.75,153.21875,2.46875,0.7406828681,0.01134025201,NaN,19,57,0.27,150.65625,153.3125,2.65625,0.7682953714,0.008501506624,NaN,19,57,0.36,150.625,153.375,2.75,0.78173596,0.01109589907,NaN,19,57,0.33,150.5625,153.40625,2.84375,0.7949493345,0.009751105077,NaN,19,57,0.27,150.59375,153.40625,2.8125,0.790569415,0.008015776612,NaN,4,12,1.26,149.75,154.25,4.5,1
19.5,58.5,0.24,NaN,NaN,0,NaN,NaN,NaN,19.5,58.5,0.36,151.1875,152.78125,1.59375,0.601416767,0.01533510945,NaN,19.5,58.5,0.3,150.84375,153.125,2.28125,0.7120003121,NaN,19.5,58.5,0.3,150.8125,153.125,2.3125,0.7168604389,0.01051017922,NaN,19.5,58.5,0.3,150.75,153.25,2.5,0.7453559925,0.01001852829,NaN,19.5,58.5,0.24,150.625,153.3125,2.6875,0.7728015413,0.007298740292,NaN,19.5,58.5,0.33,150.625,153.375,2.75,0.78173596,0.01013103829,NaN,19.5,58.5,0.3,150.59375,153.40625,2.8125,0.790569415,0.008959231627,NaN,19.5,58.5,0.24,150.59375,153.375,2.78125,0.7861650943,0.007129777843,NaN,4.5,13.5,1.23,NaN,NaN,0,0
20,60,0.21,149.875,154.15625,4.28125,0.9753916592,0.001340060738,NaN,20,60,0.33,151.09375,152.875,1.78125,0.6358107573,0.01320122268,NaN,20,60,0.27,150.75,153.21875,2.46875,0.7406828681,NaN,20,60,0.27,150.71875,153.25,2.53125,0.75,0.008687061106,NaN,20,60,0.27,150.6875,153.28125,2.59375,0.7592027983,0.008567814624,NaN,20,60,0.21,150.59375,153.375,2.78125,0.7861650943,0.006092542472,NaN,20,60,0.3,150.625,153.375,2.75,0.78173596,0.009166177496,NaN,20,60,0.27,150.59375,153.375,2.78125,0.7861650943,0.008080414888,NaN,20,60,0.21,150.59375,153.375,2.78125,0.7861650943,0.006179140797,NaN,5,15,1.2,149.75,154.25,4.5,1
20.5,61.5,0.18,NaN,NaN,0,NaN,NaN,NaN,20.5,61.5,0.3,150.9375,153.0625,2.125,0.6944562647,0.01072919596,NaN,20.5,61.5,0.24,150.625,153.34375,2.71875,0.7772815878,NaN,20.5,61.5,0.24,150.625,153.34375,2.71875,0.7772815878,0.006881205978,NaN,20.5,61.5,0.24,150.625,153.34375,2.71875,0.7772815878,0.007141965544,NaN,20.5,61.5,0.18,150.5625,153.40625,2.84375,0.7949493345,0.004958960962,NaN,20.5,61.5,0.27,150.625,153.375,2.75,0.78173596,0.008144421733,NaN,20.5,61.5,0.24,150.59375,153.375,2.78125,0.7861650943,0.007129777843,NaN,20.5,61.5,0.18,150.59375,153.375,2.78125,0.7861650943,0.005228503751,NaN,5.5,16.5,1.17,NaN,NaN,0,0
21,63,0.15,149.8125,154.1875,4.375,0.9860132972,0,NaN,21,63,0.27,150.75,153.25,2.5,0.7532435772,0.00824214088,NaN,21,63,0.21,150.5,153.46875,2.96875,0.8122328621,NaN,21,63,0.21,150.5,153.5,3,0.8164965809,0.005178694523,NaN,21,63,0.21,150.5625,153.40625,2.84375,0.7949493345,0.005768002893,NaN,21,63,0.15,150.5,153.4375,2.9375,0.8079466429,0.003918502851,NaN,21,63,0.24,150.59375,153.375,2.78125,0.7861650943,0.007079503628,NaN,21,63,0.21,150.59375,153.375,2.78125,0.7861650943,0.006136048613,NaN,21,63,0.15,150.59375,153.375,2.78125,0.7861650943,0.004277866706,NaN,6,18,1.14,149.75,154.25,4.5,1
21.5,64.5,0.12,NaN,NaN,0,NaN,NaN,NaN,21.5,64.5,0.24,150.5625,153.4375,2.875,0.8077637461,0.005674317618,NaN,21.5,64.5,0.18,150.375,153.5625,3.1875,0.8416254115,NaN,21.5,64.5,0.18,150.375,153.59375,3.21875,0.8457409638,0.003685490843,NaN,21.5,64.5,0.18,150.5,153.5,3,0.8164965809,0.004505300021,NaN,21.5,64.5,0.12,150.5,153.46875,2.96875,0.8122328621,0.002949718827,NaN,21.5,64.5,0.21,150.59375,153.40625,2.8125,0.790569415,0.006042268257,NaN,21.5,64.5,0.18,150.59375,153.40625,2.8125,0.790569415,0.005149501414,NaN,21.5,64.5,0.12,150.59375,153.375,2.78125,0.7861650943,0.00332722966,NaN,6.5,19.5,1.11,NaN,NaN,0,0
22,66,0.09,149.8125,154.1875,4.375,0.9860132972,0,NaN,22,66,0.21,150.3125,153.6875,3.375,0.875189949,0.003374348875,NaN,22,66,0.15,150.25,153.71875,3.46875,0.8779711461,NaN,22,66,0.15,150.25,153.75,3.5,0.8819171037,0.002407215843,NaN,22,66,0.15,150.4375,153.5625,3.125,0.8333333333,0.003406779856,NaN,22,66,0.09,150.4375,153.5,3.0625,0.8249579114,0.00201026229,NaN,22,66,0.18,150.5625,153.40625,2.84375,0.7949493345,0.004996217556,NaN,22,66,0.15,150.59375,153.40625,2.8125,0.790569415,0.004184224335,NaN,22,66,0.09,150.59375,153.375,2.78125,0.7861650943,0.002376592614,NaN,7,21,1.08,149.78125,154.21875,4.4375,0.993031274
22.5,67.5,0.06,NaN,NaN,0,NaN,NaN,NaN,22.5,67.5,0.18,150.125,153.875,3.75,0.922531208,0.001848371952,NaN,22.5,67.5,0.12,150.1875,153.8125,3.625,0.8975274679,NaN,22.5,67.5,0.12,150.125,153.84375,3.71875,0.9090593429,0.001474789598,NaN,22.5,67.5,0.12,150.375,153.625,3.25,0.8498365856,0.002427446749,NaN,22.5,67.5,0.06,150.4375,153.5625,3.125,0.8333333333,0.001170213957,NaN,22.5,67.5,0.15,150.53125,153.4375,2.90625,0.8036375634,0.00401562854,NaN,22.5,67.5,0.12,150.5625,153.40625,2.84375,0.7949493345,0.00322619828,NaN,22.5,67.5,0.06,150.59375,153.375,2.78125,0.7861650943,0.001425955569,NaN,7.5,22.5,1.05,NaN,NaN,0,0
23,69,0.03,149.8125,154.1875,4.375,0.9860132972,0,NaN,23,69,0.15,150,154,4,0.9527861347,0.001510814256,NaN,23,69,0.09,150.0625,153.90625,3.84375,0.9242113755,NaN,23,69,0.09,150.03125,153.9375,3.90625,0.9316949906,0.0008447200706,NaN,23,69,0.09,150.3125,153.6875,3.375,0.8660254038,0.001573056316,NaN,23,69,0.03,150.40625,153.5625,3.15625,0.8374896351,0.000384815794,NaN,23,69,0.12,150.53125,153.4375,2.90625,0.8036375634,0.003123266643,NaN,23,69,0.09,150.5625,153.40625,2.84375,0.7949493345,0.002304427343,NaN,23,69,0.03,150.59375,153.375,2.78125,0.7861650943,0.0004753185228,NaN,8,24,1.02,149.78125,154.21875,4.4375,0.993031274
23.5,70.5,0,NaN,NaN,0,NaN,0,NaN,23.5,70.5,0.12,NaN,NaN,0,NaN,NaN,NaN,23.5,70.5,0.06,150,153.96875,3.96875,0.9391189725,NaN,23.5,70.5,0.06,150,154,4,0.9428090416,0.0004388423035,NaN,23.5,70.5,0.06,150.25,153.75,3.5,0.8819171037,0.0008662365434,NaN,23.5,70.5,0,150.40625,153.59375,3.1875,0.8416254115,0,NaN,23.5,70.5,0.09,150.53125,153.4375,2.90625,0.8036375634,0.002200970197,NaN,23.5,70.5,0.06,150.5625,153.40625,2.84375,0.7949493345,0.001375337524,NaN,23.5,70.5,0,150.59375,153.375,2.78125,0.7861650943,0,NaN,8.5,25.5,0.99,NaN,NaN,0,0
24,72,-0.03,149.8125,154.1875,4.375,0.9860132972,0,NaN,24,72,0.09,149.875,154.15625,4.28125,0.9857135515,0,NaN,24,72,0.03,149.96875,154,4.03125,0.9464847243,NaN,24,72,0.03,149.9375,154,4.0625,0.9501461876,0.0001339310234,NaN,24,72,0.03,150.21875,153.78125,3.5625,0.889756521,0.0002773425292,NaN,24,72,-0.03,150.40625,153.5625,3.15625,0.8374896351,0.000384815794,NaN,24,72,0.06,150.5,153.46875,2.96875,0.8122328621,0.001293641025,NaN,24,72,0.03,150.5625,153.4375,2.875,0.7993052539,0.0004535665864,NaN,24,72,-0.03,150.5625,153.375,2.8125,0.790569415,0.0004681364922,NaN,9,27,0.96,149.78125,154.21875,4.4375,0.993031274
24.5,73.5,-0.06,NaN,NaN,0,NaN,NaN,NaN,24.5,73.5,0.06,NaN,NaN,0,NaN,NaN,NaN,24.5,73.5,0,149.96875,154,4.03125,0.9464847243,NaN,24.5,73.5,0,149.9375,154.03125,4.09375,0.9537935952,0,NaN,24.5,73.5,0,150.1875,153.78125,3.59375,0.8936504412,0,NaN,24.5,73.5,-0.06,150.40625,153.5625,3.15625,0.8374896351,0.001154447382,NaN,24.5,73.5,0.03,150.5,153.46875,2.96875,0.8122328621,0.0004312136752,NaN,24.5,73.5,0,150.5625,153.4375,2.875,0.7993052539,0,NaN,24.5,73.5,-0.06,150.5625,153.375,2.8125,0.790569415,0.001404409476,NaN,9.5,28.5,0.93,NaN,NaN,0,0
25,75,-0.09,149.8125,154.1875,4.375,0.9860132972,0,NaN,25,75,0.03,149.875,154.15625,4.28125,0.9857135515,0,NaN,25,75,-0.03,150,154,4,0.9428090416,NaN,25,75,-0.03,149.96875,154,4.03125,0.9464847243,0.000143213434,NaN,25,75,-0.03,150.1875,153.78125,3.59375,0.8936504412,0.0002687173752,NaN,25,75,-0.09,150.4375,153.53125,3.09375,0.8291561976,0.001971201976,NaN,25,75,0,150.5,153.46875,2.96875,0.8122328621,0,NaN,25,75,-0.03,150.5625,153.40625,2.84375,0.7949493345,0.0004608854686,NaN,25,75,-0.09,150.5625,153.375,2.8125,0.790569415,0.002340682461,NaN,10,30,0.9,149.78125,154.1875,4.40625,0.9895285073
25.5,76.5,-0.12,NaN,NaN,0,NaN,NaN,NaN,25.5,76.5,0,NaN,NaN,0,NaN,0,NaN,25.5,76.5,-0.06,150,153.9375,3.9375,0.9354143467,NaN,25.5,76.5,-0.06,150,153.96875,3.96875,0.9391189725,0.0004665277729,NaN,25.5,76.5,-0.06,150.21875,153.75,3.53125,0.8858454844,0.0008405559508,NaN,25.5,76.5,-0.12,150.4375,153.5,3.0625,0.8249579114,0.002834722557,NaN,25.5,76.5,-0.03,150.5,153.46875,2.96875,0.8122328621,0.0004312136752,NaN,25.5,76.5,-0.06,150.5625,153.40625,2.84375,0.7949493345,0.001382656406,NaN,25.5,76.5,-0.12,150.5625,153.375,2.8125,0.790569415,0.003276955445,NaN,10.5,31.5,0.87,NaN,NaN,0,0
26,78,-0.15,149.8125,154.1875,4.375,0.9860132972,0,NaN,26,78,-0.03,149.875,154.125,4.25,0.982109468,0,NaN,26,78,-0.09,150.09375,153.875,3.78125,0.9166666667,NaN,26,78,-0.09,150.0625,153.875,3.8125,0.9204467514,0.0009444267751,NaN,26,78,-0.09,150.28125,153.71875,3.4375,0.8740073735,0.001505896616,NaN,26,78,-0.15,150.5,153.46875,2.96875,0.8122328621,0.003789220545,NaN,26,78,-0.06,150.53125,153.4375,2.90625,0.8036375634,0.001323575573,NaN,26,78,-0.09,150.5625,153.40625,2.84375,0.7949493345,0.002304427343,NaN,26,78,-0.15,150.59375,153.375,2.78125,0.7861650943,0.004249138583,NaN,11,33,0.84,149.84375,154.125,4.28125,0.9753916592
26.5,79.5,-0.18,149.875,154.15625,4.28125,0.9753916592,0.0006021641346,NaN,26.5,79.5,-0.06,NaN,NaN,0,NaN,NaN,NaN,26.5,79.5,-0.12,150.1875,153.8125,3.625,0.8975274679,NaN,26.5,79.5,-0.12,150.125,153.8125,3.6875,0.9052317076,0.001591343525,NaN,26.5,79.5,-0.12,150.3125,153.65625,3.34375,0.8620067027,0.00227936382,NaN,26.5,79.5,-0.18,150.53125,153.4375,2.90625,0.8036375634,0.004833154069,NaN,26.5,79.5,-0.09,150.53125,153.4375,2.90625,0.8036375634,0.002230904745,NaN,26.5,79.5,-0.12,150.5625,153.40625,2.84375,0.7949493345,0.00322619828,NaN,26.5,79.5,-0.18,150.5625,153.375,2.8125,0.790569415,0.005185411567,NaN,11.5,34.5,0.81,NaN,NaN,0,0
27,81,-0.21,150.03125,153.9375,3.90625,0.9316949906,0.00166675125,NaN,27,81,-0.09,149.875,154.125,4.25,0.982109468,0,NaN,27,81,-0.15,150.28125,153.6875,3.40625,0.8700255424,NaN,27,81,-0.15,150.25,153.71875,3.46875,0.8779711461,0.002484856233,NaN,27,81,-0.15,150.40625,153.5625,3.15625,0.8374896351,0.00326938475,NaN,27,81,-0.21,150.5625,153.375,2.8125,0.790569415,0.005954041139,NaN,27,81,-0.12,150.53125,153.4375,2.90625,0.8036375634,0.003123266643,NaN,27,81,-0.15,150.5625,153.40625,2.84375,0.7949493345,0.004147969218,NaN,27,81,-0.21,150.5625,153.375,2.8125,0.790569415,0.006085774398,NaN,12,36,0.78,150.90625,154.0625,3.15625,0.8374896351
27.5,82.5,-0.24,150.3125,153.6875,3.375,0.8660254038,0.003883986649,NaN,27.5,82.5,-0.12,149.9375,154.0625,4.125,0.9675588937,0.0005040355411,NaN,27.5,82.5,-0.18,150.375,153.5625,3.1875,0.8416254115,NaN,27.5,82.5,-0.18,150.375,153.59375,3.21875,0.8457409638,0.003727880952,NaN,27.5,82.5,-0.18,150.46875,153.5,3.03125,0.8207381501,0.004420030385,NaN,27.5,82.5,-0.24,150.625,153.34375,2.71875,0.7772815878,0.007192722708,NaN,27.5,82.5,-0.15,150.5625,153.40625,2.84375,0.7949493345,0.004089151139,NaN,27.5,82.5,-0.18,150.5625,153.40625,2.84375,0.7949493345,0.005069740155,NaN,27.5,82.5,-0.24,150.5625,153.375,2.8125,0.790569415,0.007022047382,NaN,12.5,37.5,0.75,149.9375,154.03125,4.09375,0.9537935952
28,84,-0.27,150.8125,153.15625,2.34375,0.7216878365,0.00773555736,NaN,28,84,-0.15,150,154,4,0.9527861347,0.0009909540612,NaN,28,84,-0.21,150.5,153.4375,2.9375,0.8079466429,NaN,28,84,-0.21,150.5,153.4375,2.9375,0.8079466429,0.005284363218,NaN,28,84,-0.21,150.5625,153.4375,2.875,0.7993052539,0.00567091752,NaN,28,84,-0.27,150.625,153.3125,2.6875,0.7728015413,0.008383716724,NaN,28,84,-0.18,150.5625,153.40625,2.84375,0.7949493345,0.005069740155,NaN,28,84,-0.21,150.59375,153.40625,2.8125,0.790569415,0.006042268257,NaN,28,84,-0.27,150.5625,153.40625,2.84375,0.7949493345,0.007893061155,NaN,13,39,0.72,150,153.96875,3.96875,0.9391189725
28.5,85.5,-0.3,151.21875,152.75,1.53125,0.5833333333,0.01198335849,NaN,28.5,85.5,-0.18,150.1875,153.8125,3.625,0.9070253775,0.002066586992,NaN,28.5,85.5,-0.24,150.625,153.34375,2.71875,0.7772815878,NaN,28.5,85.5,-0.24,150.625,153.34375,2.71875,0.7772815878,0.006986874674,NaN,28.5,85.5,-0.24,150.59375,153.375,2.78125,0.7861650943,0.006977514288,NaN,28.5,85.5,-0.3,150.65625,153.3125,2.65625,0.7682953714,0.009501278341,NaN,28.5,85.5,-0.21,150.59375,153.375,2.78125,0.7861650943,0.006092542472,NaN,28.5,85.5,-0.24,150.5625,153.375,2.8125,0.790569415,0.007022047382,NaN,28.5,85.5,-0.3,150.5625,153.4375,2.875,0.7993052539,0.008683635082,NaN,13.5,40.5,0.69,150.0625,153.9375,3.875,0.9279607271
29,87,-0.33,151.5625,152.375,0.8125,0.4249182928,0.01447234691,NaN,29,87,-0.21,150.40625,153.5625,3.15625,0.8463522061,0.004004389569,NaN,29,87,-0.27,150.75,153.25,2.5,0.7453559925,NaN,29,87,-0.27,150.71875,153.25,2.53125,0.75,0.008687061106,NaN,29,87,-0.27,150.6875,153.3125,2.625,0.7637626158,0.00839391418,NaN,29,87,-0.33,150.6875,153.28125,2.59375,0.7592027983,0.01071916454,NaN,29,87,-0.24,150.59375,153.375,2.78125,0.7861650943,0.007129777843,NaN,29,87,-0.27,150.59375,153.375,2.78125,0.7861650943,0.008022958643,NaN,29,87,-0.33,150.53125,153.4375,2.90625,0.8036375634,0.009443656302,NaN,14,42,0.66,150.09375,153.875,3.78125,0.9166666667
29.5,88.5,-0.36,151.78125,152.1875,0.40625,0.3004626063,0.01473151621,NaN,29.5,88.5,-0.24,150.625,153.375,2.75,0.7900085285,0.006326216723,NaN,29.5,88.5,-0.3,150.8125,153.125,2.3125,0.7168604389,NaN,29.5,88.5,-0.3,150.8125,153.125,2.3125,0.7168604389,0.01051017922,NaN,29.5,88.5,-0.3,150.71875,153.25,2.53125,0.75,0.009892803601,NaN,29.5,88.5,-0.36,150.6875,153.28125,2.59375,0.7592027983,0.01188856548,NaN,29.5,88.5,-0.27,150.625,153.34375,2.71875,0.7772815878,0.008207786354,NaN,29.5,88.5,-0.3,150.5625,153.40625,2.84375,0.7949493345,0.008886721392,NaN,29.5,88.5,-0.36,150.5,153.46875,2.96875,0.8122328621,0.01008255454,NaN,14.5,43.5,0.63,150.15625,153.8125,3.65625,0.9013878189
30,90,-0.39,151.875,152.0625,0.1875,0.2041241452,0.01310279331,NaN,30,90,-0.27,150.84375,153.125,2.28125,0.7195349168,0.008887754706,NaN,30,90,-0.33,150.875,153.0625,2.1875,0.6972166888,NaN,30,90,-0.33,150.875,153.0625,2.1875,0.6972166888,0.01230464192,NaN,30,90,-0.33,150.75,153.21875,2.46875,0.7406828681,0.01127520869,NaN,30,90,-0.39,150.6875,153.3125,2.625,0.7637626158,0.01283470292,NaN,30,90,-0.3,150.625,153.375,2.75,0.78173596,0.009229542116,NaN,30,90,-0.33,150.5625,153.40625,2.84375,0.7949493345,0.009678594841,NaN,30,90,-0.39,150.5,153.46875,2.96875,0.8122328621,0.01078034188,NaN,15,45,0.6,150.1875,153.78125,3.59375,0.8936504412
30.5,91.5,-0.42,151.875,152.0625,0.1875,0.2041241452,0.01240211787,NaN,30.5,91.5,-0.3,151.0625,152.9375,1.875,0.6523280731,0.0115478073,NaN,30.5,91.5,-0.36,150.9375,153.03125,2.09375,0.682112731,NaN,30.5,91.5,-0.36,150.9375,153.03125,2.09375,0.682112731,0.01392279318,NaN,30.5,91.5,-0.36,150.75,153.21875,2.46875,0.7406828681,0.01249061227,NaN,30.5,91.5,-0.42,150.625,153.3125,2.6875,0.7728015413,0.01358211671,NaN,30.5,91.5,-0.33,150.59375,153.375,2.78125,0.7861650943,0.0100528077,NaN,30.5,91.5,-0.36,150.5625,153.40625,2.84375,0.7949493345,0.01060036578,NaN,30.5,91.5,-0.42,150.4375,153.5,3.0625,0.8249579114,0.01132181037,NaN,15.5,46.5,0.57,150.25,153.71875,3.46875,0.8779711461
31,93,-0.45,151.8125,152.15625,0.34375,0.2763853992,0.01491287995,NaN,31,93,-0.33,151.1875,152.8125,1.625,0.6072843866,0.01382997265,NaN,31,93,-0.39,150.9375,153.03125,2.09375,0.682112731,NaN,31,93,-0.39,150.9375,153,2.0625,0.6770032004,0.01539460492,NaN,31,93,-0.39,150.75,153.21875,2.46875,0.7406828681,0.01357675247,NaN,31,93,-0.45,150.625,153.34375,2.71875,0.7772815878,0.01429220722,NaN,31,93,-0.36,150.5625,153.375,2.8125,0.790569415,0.01084614166,NaN,31,93,-0.39,150.53125,153.4375,2.90625,0.8036375634,0.01133097796,NaN,31,93,-0.45,150.4375,153.5625,3.125,0.8333333333,0.01160651882,NaN,16,48,0.54,150.3125,153.6875,3.375,0.8660254038
31.5,94.5,-0.48,151.625,152.3125,0.6875,0.39086798,0.01925309916,NaN,31.5,94.5,-0.36,151.25,152.6875,1.4375,0.5711752225,0.01572788016,NaN,31.5,94.5,-0.42,150.9375,153.03125,2.09375,0.682112731,NaN,31.5,94.5,-0.42,150.9375,153,2.0625,0.6770032004,0.01669341104,NaN,31.5,94.5,-0.42,150.75,153.21875,2.46875,0.7406828681,0.01466289266,NaN,31.5,94.5,-0.48,150.5625,153.375,2.8125,0.790569415,0.01483224749,NaN,31.5,94.5,-0.39,150.5625,153.40625,2.84375,0.7949493345,0.011609149,NaN,31.5,94.5,-0.42,150.5,153.4375,2.9375,0.8079466429,0.01194256716,NaN,31.5,94.5,-0.48,150.375,153.5625,3.1875,0.8416254115,0.01192047778,NaN,16.5,49.5,0.51,150.34375,153.625,3.28125,0.8539125638
32,96,-0.51,151.3125,152.65625,1.34375,0.5464532104,0.02268381644,NaN,32,96,-0.39,151.28125,152.6875,1.40625,0.5649326829,0.01734460104,NaN,32,96,-0.45,150.875,153.125,2.25,0.7071067812,NaN,32,96,-0.45,150.875,153.0625,2.1875,0.6972166888,0.01760914714,NaN,32,96,-0.45,150.6875,153.25,2.5625,0.7546154282,0.01545636071,NaN,32,96,-0.51,150.5,153.4375,2.9375,0.8079466429,0.01494858759,NaN,32,96,-0.42,150.53125,153.4375,2.90625,0.8036375634,0.01223804438,NaN,32,96,-0.45,150.46875,153.5,3.03125,0.8207381501,0.01238209336,NaN,32,96,-0.51,150.34375,153.625,3.28125,0.8539125638,0.01202607371,NaN,17,51,0.48,150.375,153.5625,3.1875,0.8416254115
32.5,97.5,-0.54,150.96875,153,2.03125,0.6718548124,0.02313321828,NaN,32.5,97.5,-0.42,151.25,152.75,1.5,0.583459966,0.01865447466,NaN,32.5,97.5,-0.48,150.8125,153.1875,2.375,0.7264831573,NaN,32.5,97.5,-0.48,150.78125,153.1875,2.40625,0.7312470323,0.01784387733,NaN,32.5,97.5,-0.48,150.6875,153.3125,2.625,0.7637626158,0.01601580777,NaN,32.5,97.5,-0.54,150.4375,153.5,3.0625,0.8249579114,0.01480758847,NaN,32.5,97.5,-0.45,150.46875,153.5,3.03125,0.8207381501,0.01248641182,NaN,32.5,97.5,-0.48,150.4375,153.53125,3.09375,0.8291561976,0.01264825394,NaN,32.5,97.5,-0.54,150.3125,153.65625,3.34375,0.8620067027,0.01204995816,NaN,17.5,52.5,0.45,150.4375,153.5625,3.125,0.8333333333
33,99,-0.57,150.53125,153.4375,2.90625,0.8036375634,0.01969778686,NaN,33,99,-0.45,151.1875,152.78125,1.59375,0.601416767,0.01978694905,NaN,33,99,-0.51,150.6875,153.25,2.5625,0.7546154282,NaN,33,99,-0.51,150.6875,153.25,2.5625,0.7546154282,0.01779106953,NaN,33,99,-0.51,150.59375,153.375,2.78125,0.7861650943,0.01624284333,NaN,33,99,-0.57,150.375,153.59375,3.21875,0.8457409638,0.01435782815,NaN,33,99,-0.48,150.4375,153.53125,3.09375,0.8291561976,0.01264825394,NaN,33,99,-0.51,150.375,153.59375,3.21875,0.8457409638,0.01267926686,NaN,33,99,-0.57,150.25,153.71875,3.46875,0.8779711461,0.01180945156,NaN,18,54,0.42,150.46875,153.5,3.03125,0.8207381501
33.5,100.5,-0.6,150.21875,153.75,3.53125,0.8858454844,0.01419582379,NaN,33.5,100.5,-0.48,151.0625,152.90625,1.84375,0.6468691648,0.02050056242,NaN,33.5,100.5,-0.54,150.59375,153.375,2.78125,0.7861650943,NaN,33.5,100.5,-0.54,150.59375,153.375,2.78125,0.7861650943,0.01745622998,NaN,33.5,100.5,-0.54,150.53125,153.4375,2.90625,0.8036375634,0.01611167197,NaN,33.5,100.5,-0.6,150.3125,153.65625,3.34375,0.8620067027,0.01373517229,NaN,33.5,100.5,-0.51,150.375,153.59375,3.21875,0.8457409638,0.01267926686,NaN,33.5,100.5,-0.54,150.34375,153.625,3.28125,0.8539125638,0.01261968432,NaN,33.5,100.5,-0.6,150.1875,153.78125,3.59375,0.8936504412,0.01112992305,NaN,18.5,55.5,0.39,150.46875,153.46875,3,0.8164965809
34,102,-0.63,150,154,4,0.9428090416,0.008919954196,NaN,34,102,-0.51,150.9375,153.03125,2.09375,0.6893310561,0.02062749772,NaN,34,102,-0.57,150.4375,153.5,3.0625,0.8249579114,NaN,34,102,-0.57,150.4375,153.5,3.0625,0.8249579114,0.01631320621,NaN,34,102,-0.57,150.5625,153.5625,3,0.8164965809,0.01608030502,NaN,34,102,-0.63,150.1875,153.75,3.5625,0.889756521,0.01255072202,NaN,34,102,-0.54,150.3125,153.65625,3.34375,0.8620067027,0.01232476747,NaN,34,102,-0.57,150.28125,153.6875,3.40625,0.8700255424,0.01242364903,NaN,34,102,-0.63,150.15625,153.8125,3.65625,0.9013878189,0.01065215963,NaN,19,57,0.36,150.5,153.4375,2.9375,0.8079466429
34.5,103.5,-0.66,NaN,NaN,0,NaN,NaN,NaN,34.5,103.5,-0.54,150.75,153.1875,2.4375,0.743768438,0.01999277822,NaN,34.5,103.5,-0.6,150.34375,153.625,3.28125,0.8539125638,NaN,34.5,103.5,-0.6,150.3125,153.625,3.3125,0.8579691784,0.01464838416,NaN,34.5,103.5,-0.6,150.34375,153.625,3.28125,0.8539125638,0.01510326223,NaN,34.5,103.5,-0.66,150.125,153.8125,3.6875,0.9052317076,0.0111604641,NaN,34.5,103.5,-0.57,150.25,153.71875,3.46875,0.8779711461,0.01180945156,NaN,34.5,103.5,-0.6,150.25,153.75,3.5,0.8819171037,0.01196379631,NaN,34.5,103.5,-0.66,150.09375,153.875,3.78125,0.9166666667,0.01002947101,NaN,19.5,58.5,0.33,150.53125,153.4375,2.90625,0.8036375634
35,105,-0.69,149.8125,154.1875,4.375,0.9860132972,0,NaN,35,105,-0.57,150.5625,153.40625,2.84375,0.8033617311,0.01818561788,NaN,35,105,-0.63,150.1875,153.75,3.5625,0.889756521,NaN,35,105,-0.63,150.1875,153.75,3.5625,0.889756521,0.01271510448,NaN,35,105,-0.63,150.21875,153.75,3.53125,0.8858454844,0.01305851934,NaN,35,105,-0.69,150,153.9375,3.9375,0.9354143467,0.009265074429,NaN,35,105,-0.6,150.1875,153.78125,3.59375,0.8936504412,0.01112992305,NaN,35,105,-0.63,150.125,153.8125,3.6875,0.9052317076,0.01098265336,NaN,35,105,-0.69,150.03125,153.9375,3.90625,0.9316949906,0.00889019295,NaN,20,60,0.3,150.5625,153.40625,2.84375,0.7949493345
35.5,106.5,-0.72,NaN,NaN,0,NaN,NaN,NaN,35.5,106.5,-0.6,150.40625,153.5625,3.15625,0.8463522061,0.01584002978,NaN,35.5,106.5,-0.66,150.0625,153.875,3.8125,0.9204467514,NaN,35.5,106.5,-0.66,NaN,NaN,0,NaN,NaN,NaN,35.5,106.5,-0.66,150.125,153.84375,3.71875,0.9090593429,0.01114669948,NaN,35.5,106.5,-0.72,NaN,NaN,0,NaN,NaN,NaN,35.5,106.5,-0.63,150.125,153.84375,3.71875,0.9090593429,0.01028299674,NaN,35.5,106.5,-0.66,150.09375,153.875,3.78125,0.9166666667,0.009845372103,NaN,35.5,106.5,-0.72,NaN,NaN,0,NaN,NaN,NaN,20.5,61.5,0.27,150.5625,153.40625,2.84375,0.7949493345
36,108,-0.75,149.8125,154.1875,4.375,0.9860132972,0,NaN,36,108,-0.63,150.21875,153.75,3.53125,0.8952197717,0.01292315458,NaN,36,108,-0.69,149.96875,154,4.03125,0.9464847243,NaN,36,108,-0.69,149.9375,154,4.0625,0.9501461876,0.0178092133,NaN,36,108,-0.69,150,153.96875,3.96875,0.9391189725,0.008860509339,NaN,36,108,-0.75,149.875,154.0625,4.1875,0.9646530752,0.01267803016,NaN,36,108,-0.66,150.03125,153.9375,3.90625,0.9316949906,0.008867247036,NaN,36,108,-0.69,150.03125,153.9375,3.90625,0.9316949906,0.00889019295,NaN,36,108,-0.75,149.9375,154.03125,4.09375,0.9537935952,0.01450751169,NaN,21,63,0.24,150.5625,153.40625,2.84375,0.7949493345
36.5,109.5,-0.78,NaN,NaN,0,NaN,NaN,NaN,36.5,109.5,-0.66,NaN,NaN,0,NaN,NaN,NaN,36.5,109.5,-0.72,NaN,NaN,0,NaN,NaN,36.5,109.5,-0.72,NaN,NaN,0,NaN,NaN,NaN,36.5,109.5,-0.72,NaN,NaN,0,NaN,NaN,NaN,36.5,109.5,-0.78,NaN,NaN,0,NaN,NaN,NaN,36.5,109.5,-0.69,NaN,NaN,0,NaN,NaN,NaN,36.5,109.5,-0.72,150,153.96875,3.96875,0.9391189725,0.008018306129,NaN,36.5,109.5,-0.78,NaN,NaN,0,NaN,NaN,NaN,21.5,64.5,0.21,150.5625,153.40625,2.84375,0.7949493345
37,111,-0.81,149.78125,154.1875,4.40625,0.9895285073,0,NaN,37,111,-0.69,149.9375,154.0625,4.125,0.9675588937,0.01522158736,NaN,37,111,-0.75,149.8125,154.1875,4.375,0.9860132972,NaN,37,111,-0.75,149.8125,154.1875,4.375,0.9860132972,0,NaN,37,111,-0.75,149.84375,154.125,4.28125,0.9753916592,0.01082954151,NaN,37,111,-0.81,149.8125,154.1875,4.375,0.9860132972,0,NaN,37,111,-0.72,149.90625,154.0625,4.15625,0.9610468829,0.01299785884,NaN,37,111,-0.75,149.9375,154.03125,4.09375,0.9537935952,0.006994993852,NaN,37,111,-0.81,149.875,154.125,4.25,0.9718253158,0.01041099342,NaN,22,66,0.18,150.5625,153.40625,2.84375,0.7949493345
37.5,112.5,-0.84,NaN,NaN,0,NaN,NaN,NaN,37.5,112.5,-0.72,NaN,NaN,0,NaN,NaN,NaN,37.5,112.5,-0.78,NaN,NaN,0,NaN,NaN,37.5,112.5,-0.78,NaN,NaN,0,NaN,NaN,NaN,37.5,112.5,-0.78,NaN,NaN,0,NaN,NaN,NaN,37.5,112.5,-0.84,NaN,NaN,0,NaN,NaN,NaN,37.5,112.5,-0.75,NaN,NaN,0,NaN,NaN,NaN,37.5,112.5,-0.78,NaN,NaN,0,NaN,NaN,NaN,37.5,112.5,-0.84,NaN,NaN,0,NaN,NaN,NaN,22.5,67.5,0.15,150.5625,153.40625,2.84375,0.7949493345
38,114,-0.87,149.78125,154.1875,4.40625,0.9895285073,0,NaN,38,114,-0.75,149.8125,154.1875,4.375,0.9964475909,0,NaN,38,114,-0.81,149.75,154.25,4.5,1,NaN,38,114,-0.81,149.75,154.25,4.5,1,0,NaN,38,114,-0.81,149.78125,154.1875,4.40625,0.9895285073,0,NaN,38,114,-0.87,149.75,154.21875,4.46875,0.9965217286,0,NaN,38,114,-0.78,149.8125,154.15625,4.34375,0.9824855102,0,NaN,38,114,-0.81,149.84375,154.125,4.28125,0.9753916592,0.00989522022,NaN,38,114,-0.87,149.8125,154.1875,4.375,0.9860132972,0,NaN,23,69,0.12,150.5625,153.40625,2.84375,0.7949493345
38.5,115.5,-0.9,NaN,NaN,0,NaN,NaN,NaN,38.5,115.5,-0.78,NaN,NaN,0,NaN,NaN,NaN,38.5,115.5,-0.84,NaN,NaN,0,NaN,NaN,38.5,115.5,-0.84,NaN,NaN,0,NaN,NaN,NaN,38.5,115.5,-0.84,NaN,NaN,0,NaN,NaN,NaN,38.5,115.5,-0.9,NaN,NaN,0,NaN,NaN,NaN,38.5,115.5,-0.81,NaN,NaN,0,NaN,NaN,NaN,38.5,115.5,-0.84,NaN,NaN,0,NaN,NaN,NaN,38.5,115.5,-0.9,NaN,NaN,0,NaN,NaN,NaN,23.5,70.5,0.09,150.5625,153.40625,2.84375,0.7949493345
39,117,-0.93,149.78125,154.21875,4.4375,0.993031274,0,NaN,39,117,-0.81,149.8125,154.1875,4.375,0.9964475909,0,NaN,39,117,-0.87,149.75,154.25,4.5,1,NaN,39,117,-0.87,149.75,154.25,4.5,1,0,NaN,39,117,-0.87,149.75,154.25,4.5,1,0,NaN,39,117,-0.93,149.75,154.25,4.5,1,0,NaN,39,117,-0.84,149.78125,154.1875,4.40625,0.9895285073,0,NaN,39,117,-0.87,149.78125,154.25,4.46875,0.9965217286,0,NaN,39,117,-0.93,149.78125,154.1875,4.40625,0.9895285073,0,NaN,24,72,0.06,150.5625,153.40625,2.84375,0.7949493345
39.5,118.5,-0.96,NaN,NaN,0,NaN,NaN,NaN,39.5,118.5,-0.84,NaN,NaN,0,NaN,NaN,NaN,39.5,118.5,-0.9,NaN,NaN,0,NaN,NaN,39.5,118.5,-0.9,NaN,NaN,0,NaN,NaN,NaN,39.5,118.5,-0.9,NaN,NaN,0,NaN,NaN,NaN,39.5,118.5,-0.96,NaN,NaN,0,NaN,NaN,NaN,39.5,118.5,-0.87,NaN,NaN,0,NaN,NaN,NaN,39.5,118.5,-0.9,NaN,NaN,0,NaN,NaN,NaN,39.5,118.5,-0.96,NaN,NaN,0,NaN,NaN,NaN,24.5,73.5,0.03,150.5625,153.40625,2.84375,0.7949493345
40,120,-0.99,149.78125,154.21875,4.4375,0.993031274,0,NaN,40,120,-0.87,149.8125,154.1875,4.375,0.9964475909,0,NaN,40,120,-0.93,149.75,154.25,4.5,1,NaN,40,120,-0.93,149.75,154.25,4.5,1,0,NaN,40,120,-0.93,149.75,154.25,4.5,1,0,NaN,40,120,-0.99,149.75,154.25,4.5,1,0,NaN,40,120,-0.9,149.75,154.21875,4.46875,0.9965217286,0,NaN,40,120,-0.93,149.75,154.21875,4.46875,0.9965217286,0,NaN,40,120,-0.99,149.78125,154.21875,4.4375,0.993031274,0,NaN,25,75,0,150.5625,153.40625,2.84375,0.7949493345
40.5,121.5,-1.02,NaN,NaN,0,NaN,NaN,NaN,40.5,121.5,-0.9,NaN,NaN,0,NaN,NaN,NaN,40.5,121.5,-0.96,NaN,NaN,0,NaN,NaN,40.5,121.5,-0.96,NaN,NaN,0,NaN,NaN,NaN,40.5,121.5,-0.96,NaN,NaN,0,NaN,NaN,NaN,40.5,121.5,-1.02,NaN,NaN,0,NaN,NaN,NaN,40.5,121.5,-0.93,NaN,NaN,0,NaN,NaN,NaN,40.5,121.5,-0.96,NaN,NaN,0,NaN,NaN,NaN,40.5,121.5,-1.02,NaN,NaN,0,NaN,NaN,NaN,25.5,76.5,-0.03,150.5625,153.40625,2.84375,0.7949493345
41,123,-1.05,149.78125,154.21875,4.4375,0.993031274,0,NaN,41,123,-0.93,149.8125,154.1875,4.375,0.9964475909,0,NaN,41,123,-0.99,149.75,154.25,4.5,1,NaN,41,123,-0.99,149.75,154.25,4.5,1,0,NaN,41,123,-0.99,149.75,154.25,4.5,1,0,NaN,41,123,-1.05,149.75,154.25,4.5,1,0,NaN,41,123,-0.96,149.75,154.25,4.5,1,0,NaN,41,123,-0.99,149.75,154.25,4.5,1,0,NaN,41,123,-1.05,149.78125,154.21875,4.4375,0.993031274,0,NaN,26,78,-0.06,150.5625,153.40625,2.84375,0.7949493345
41.5,124.5,-1.08,NaN,NaN,0,NaN,NaN,NaN,41.5,124.5,-0.96,NaN,NaN,0,NaN,NaN,NaN,41.5,124.5,-1.02,NaN,NaN,0,NaN,NaN,41.5,124.5,-1.02,NaN,NaN,0,NaN,NaN,NaN,41.5,124.5,-1.02,NaN,NaN,0,NaN,NaN,NaN,41.5,124.5,-1.08,NaN,NaN,0,NaN,NaN,NaN,41.5,124.5,-0.99,NaN,NaN,0,NaN,NaN,NaN,41.5,124.5,-1.02,NaN,NaN,0,NaN,NaN,NaN,41.5,124.5,-1.08,NaN,NaN,0,NaN,NaN,NaN,26.5,79.5,-0.09,150.5625,153.40625,2.84375,0.7949493345
42,126,-1.11,149.78125,154.21875,4.4375,0.993031274,0,NaN,42,126,-0.99,149.8125,154.1875,4.375,0.9964475909,0,NaN,42,126,-1.05,149.75,154.25,4.5,1,NaN,42,126,-1.05,149.75,154.25,4.5,1,0,NaN,42,126,-1.05,149.75,154.25,4.5,1,0,NaN,42,126,-1.11,149.75,154.25,4.5,1,0,NaN,42,126,-1.02,149.75,154.25,4.5,1,0,NaN,42,126,-1.05,149.75,154.25,4.5,1,0,NaN,42,126,-1.11,149.75,154.21875,4.46875,0.9965217286,0,NaN,27,81,-0.12,150.5625,153.40625,2.84375,0.7949493345
42.5,127.5,-1.14,NaN,NaN,0,NaN,NaN,NaN,42.5,127.5,-1.02,NaN,NaN,0,NaN,NaN,NaN,42.5,127.5,-1.08,NaN,NaN,0,NaN,NaN,42.5,127.5,-1.08,NaN,NaN,0,NaN,NaN,NaN,42.5,127.5,-1.08,NaN,NaN,0,NaN,NaN,NaN,42.5,127.5,-1.14,NaN,NaN,0,NaN,NaN,NaN,42.5,127.5,-1.05,NaN,NaN,0,NaN,NaN,NaN,42.5,127.5,-1.08,NaN,NaN,0,NaN,NaN,NaN,42.5,127.5,-1.14,NaN,NaN,0,NaN,NaN,NaN,27.5,82.5,-0.15,150.5625,153.40625,2.84375,0.7949493345
43,129,-1.17,149.78125,154.21875,4.4375,0.993031274,0,NaN,43,129,-1.05,149.8125,154.1875,4.375,0.9964475909,0,NaN,43,129,-1.11,149.75,154.25,4.5,1,NaN,43,129,-1.11,149.75,154.25,4.5,1,0,NaN,43,129,-1.11,149.75,154.25,4.5,1,0,NaN,43,129,-1.17,149.75,154.25,4.5,1,0,NaN,43,129,-1.08,149.75,154.25,4.5,1,0,NaN,43,129,-1.11,149.75,154.25,4.5,1,0,NaN,43,129,-1.17,149.75,154.21875,4.46875,0.9965217286,0,NaN,28,84,-0.18,150.5625,153.40625,2.84375,0.7949493345
43.5,130.5,-1.2,NaN,NaN,0,NaN,NaN,NaN,43.5,130.5,-1.08,NaN,NaN,0,NaN,NaN,NaN,43.5,130.5,-1.14,NaN,NaN,0,NaN,NaN,43.5,130.5,-1.14,NaN,NaN,0,NaN,NaN,NaN,43.5,130.5,-1.14,NaN,NaN,0,NaN,NaN,NaN,43.5,130.5,-1.2,NaN,NaN,0,NaN,NaN,NaN,43.5,130.5,-1.11,NaN,NaN,0,NaN,NaN,NaN,43.5,130.5,-1.14,NaN,NaN,0,NaN,NaN,NaN,43.5,130.5,-1.2,NaN,NaN,0,NaN,NaN,NaN,28.5,85.5,-0.21,150.5625,153.40625,2.84375,0.7949493345
44,132,-1.23,149.78125,154.21875,4.4375,0.993031274,0,NaN,44,132,-1.11,149.8125,154.1875,4.375,0.9964475909,0,NaN,44,132,-1.17,149.75,154.25,4.5,1,NaN,44,132,-1.17,149.75,154.25,4.5,1,0,NaN,44,132,-1.17,149.75,154.25,4.5,1,0,NaN,44,132,-1.23,149.75,154.25,4.5,1,0,NaN,44,132,-1.14,149.75,154.25,4.5,1,0,NaN,44,132,-1.17,149.75,154.25,4.5,1,0,NaN,44,132,-1.23,149.75,154.21875,4.46875,0.9965217286,0,NaN,29,87,-0.24,150.53125,153.40625,2.875,0.7993052539
44.5,133.5,-1.26,NaN,NaN,0,NaN,NaN,NaN,44.5,133.5,-1.14,NaN,NaN,0,NaN,NaN,NaN,44.5,133.5,-1.2,NaN,NaN,0,NaN,NaN,44.5,133.5,-1.2,NaN,NaN,0,NaN,NaN,NaN,44.5,133.5,-1.2,NaN,NaN,0,NaN,NaN,NaN,44.5,133.5,-1.26,NaN,NaN,0,NaN,NaN,NaN,44.5,133.5,-1.17,NaN,NaN,0,NaN,NaN,NaN,44.5,133.5,-1.2,NaN,NaN,0,NaN,NaN,NaN,44.5,133.5,-1.26,NaN,NaN,0,NaN,NaN,NaN,29.5,88.5,-0.27,150.53125,153.4375,2.90625,0.8036375634
45,135,-1.29,149.78125,154.21875,4.4375,0.993031274,0,NaN,45,135,-1.17,149.8125,154.1875,4.375,0.9964475909,0,NaN,45,135,-1.23,149.75,154.25,4.5,1,NaN,45,135,-1.23,149.75,154.25,4.5,1,0,NaN,45,135,-1.23,149.75,154.25,4.5,1,0,NaN,45,135,-1.29,149.75,154.25,4.5,1,0,NaN,45,135,-1.2,149.75,154.25,4.5,1,0,NaN,45,135,-1.23,149.75,154.25,4.5,1,0,NaN,45,135,-1.29,149.75,154.21875,4.46875,0.9965217286,0,NaN,30,90,-0.3,150.5,153.4375,2.9375,0.8079466429
45.5,136.5,-1.32,NaN,NaN,0,NaN,NaN,NaN,45.5,136.5,-1.2,NaN,NaN,0,NaN,NaN,NaN,45.5,136.5,-1.26,NaN,NaN,0,NaN,NaN,45.5,136.5,-1.26,NaN,NaN,0,NaN,NaN,NaN,45.5,136.5,-1.26,NaN,NaN,0,NaN,NaN,NaN,45.5,136.5,-1.32,NaN,NaN,0,NaN,NaN,NaN,45.5,136.5,-1.23,NaN,NaN,0,NaN,NaN,NaN,45.5,136.5,-1.26,NaN,NaN,0,NaN,NaN,NaN,45.5,136.5,-1.32,NaN,NaN,0,NaN,NaN,NaN,30.5,91.5,-0.33,NaN,NaN,0,0
46,138,-1.35,149.78125,154.21875,4.4375,0.993031274,0,NaN,46,138,-1.23,149.8125,154.1875,4.375,0.9964475909,0,NaN,46,138,-1.29,149.75,154.25,4.5,1,NaN,46,138,-1.29,NaN,NaN,0,NaN,NaN,NaN,46,138,-1.29,NaN,NaN,0,NaN,NaN,NaN,46,138,-1.35,149.75,154.25,4.5,1,0,NaN,46,138,-1.26,149.75,154.25,4.5,1,0,NaN,46,138,-1.29,149.75,154.25,4.5,1,0,NaN,46,138,-1.35,149.75,154.21875,4.46875,0.9965217286,0,NaN,31,93,-0.36,NaN,NaN,0,0
46.5,139.5,-1.38,NaN,NaN,0,NaN,NaN,NaN,46.5,139.5,-1.26,NaN,NaN,0,NaN,NaN,NaN,46.5,139.5,-1.32,NaN,NaN,0,NaN,NaN,46.5,139.5,-1.32,NaN,NaN,0,NaN,NaN,NaN,46.5,139.5,-1.32,NaN,NaN,0,NaN,NaN,NaN,46.5,139.5,-1.38,NaN,NaN,0,NaN,NaN,NaN,46.5,139.5,-1.29,NaN,NaN,0,NaN,NaN,NaN,46.5,139.5,-1.32,NaN,NaN,0,NaN,NaN,NaN,46.5,139.5,-1.38,NaN,NaN,0,NaN,NaN,NaN,31.5,94.5,-0.39,NaN,NaN,0,0
47,141,-1.41,149.78125,154.21875,4.4375,0.993031274,0,NaN,47,141,-1.29,149.8125,154.1875,4.375,0.9964475909,0,NaN,47,141,-1.35,149.75,154.25,4.5,1,NaN,47,141,-1.35,NaN,NaN,0,NaN,NaN,NaN,47,141,-1.35,NaN,NaN,0,NaN,NaN,NaN,47,141,-1.41,149.75,154.25,4.5,1,0,NaN,47,141,-1.32,149.75,154.25,4.5,1,0,NaN,47,141,-1.35,149.75,154.25,4.5,1,0,NaN,47,141,-1.41,149.75,154.25,4.5,1,0,NaN,32,96,-0.42,NaN,NaN,0,0
47.5,142.5,-1.44,NaN,NaN,0,NaN,NaN,NaN,47.5,142.5,-1.32,NaN,NaN,0,NaN,NaN,NaN,47.5,142.5,-1.38,NaN,NaN,0,NaN,NaN,47.5,142.5,-1.38,NaN,NaN,0,NaN,NaN,NaN,47.5,142.5,-1.38,NaN,NaN,0,NaN,NaN,NaN,47.5,142.5,-1.44,NaN,NaN,0,NaN,NaN,NaN,47.5,142.5,-1.35,NaN,NaN,0,NaN,NaN,NaN,47.5,142.5,-1.38,NaN,NaN,0,NaN,NaN,NaN,47.5,142.5,-1.44,NaN,NaN,0,NaN,NaN,NaN,32.5,97.5,-0.45,NaN,NaN,0,0
48,144,-1.47,149.78125,154.21875,4.4375,0.993031274,0,NaN,48,144,-1.35,149.8125,154.1875,4.375,0.9964475909,0,NaN,48,144,-1.41,149.75,154.25,4.5,1,NaN,48,144,-1.41,NaN,NaN,0,NaN,NaN,NaN,48,144,-1.41,NaN,NaN,0,NaN,NaN,NaN,48,144,-1.47,149.75,154.25,4.5,1,0,NaN,48,144,-1.38,149.75,154.25,4.5,1,0,NaN,48,144,-1.41,149.75,154.25,4.5,1,0,NaN,48,144,-1.47,149.75,154.25,4.5,1,0,NaN,33,99,-0.48,NaN,NaN,0,0
48.5,145.5,-1.5,NaN,NaN,0,NaN,NaN,NaN,48.5,145.5,-1.38,NaN,NaN,0,NaN,NaN,NaN,48.5,145.5,-1.44,NaN,NaN,0,NaN,NaN,48.5,145.5,-1.44,NaN,NaN,0,NaN,NaN,NaN,48.5,145.5,-1.44,NaN,NaN,0,NaN,NaN,NaN,48.5,145.5,-1.5,NaN,NaN,0,NaN,NaN,NaN,48.5,145.5,-1.41,NaN,NaN,0,NaN,NaN,NaN,48.5,145.5,-1.44,NaN,NaN,0,NaN,NaN,NaN,48.5,145.5,-1.5,NaN,NaN,0,NaN,NaN,NaN,33.5,100.5,-0.51,NaN,NaN,0,0
49,147,-1.53,149.78125,154.21875,4.4375,0.993031274,0,NaN,49,147,-1.41,149.8125,154.1875,4.375,0.9964475909,0,NaN,49,147,-1.47,149.75,154.25,4.5,1,NaN,49,147,-1.47,NaN,NaN,0,NaN,NaN,NaN,49,147,-1.47,NaN,NaN,0,NaN,NaN,NaN,49,147,-1.53,149.75,154.25,4.5,1,0,NaN,49,147,-1.44,149.75,154.25,4.5,1,0,NaN,49,147,-1.47,149.75,154.25,4.5,1,0,NaN,49,147,-1.53,149.75,154.25,4.5,1,0,NaN,34,102,-0.54,NaN,NaN,0,0
49.5,148.5,-1.56,NaN,NaN,0,NaN,NaN,NaN,49.5,148.5,-1.44,NaN,NaN,0,NaN,NaN,NaN,49.5,148.5,-1.5,NaN,NaN,0,NaN,NaN,49.5,148.5,-1.5,NaN,NaN,0,NaN,NaN,NaN,49.5,148.5,-1.5,NaN,NaN,0,NaN,NaN,NaN,49.5,148.5,-1.56,NaN,NaN,0,NaN,NaN,NaN,49.5,148.5,-1.47,NaN,NaN,0,NaN,NaN,NaN,49.5,148.5,-1.5,NaN,NaN,0,NaN,NaN,NaN,49.5,148.5,-1.56,NaN,NaN,0,NaN,NaN,NaN,34.5,103.5,-0.57,NaN,NaN,0,0
50,150,-1.59,149.78125,154.21875,4.4375,0.993031274,0,NaN,50,150,-1.47,149.8125,154.1875,4.375,0.9964475909,0,NaN,50,150,-1.53,149.75,154.25,4.5,1,NaN,50,150,-1.53,NaN,NaN,0,NaN,NaN,NaN,50,150,-1.53,NaN,NaN,0,NaN,NaN,NaN,50,150,-1.59,149.75,154.25,4.5,1,0,NaN,50,150,-1.5,149.75,154.25,4.5,1,0,NaN,50,150,-1.53,149.75,154.25,4.5,1,0,NaN,50,150,-1.59,149.75,154.25,4.5,1,0,NaN,35,105,-0.6,NaN,NaN,0,0
50.5,151.5,-1.62,NaN,NaN,0,NaN,NaN,NaN,50.5,151.5,-1.5,NaN,NaN,0,NaN,NaN,NaN,50.5,151.5,-1.56,NaN,NaN,0,NaN,NaN,50.5,151.5,-1.56,NaN,NaN,0,NaN,NaN,NaN,50.5,151.5,-1.56,NaN,NaN,0,NaN,NaN,NaN,50.5,151.5,-1.62,NaN,NaN,0,NaN,NaN,NaN,50.5,151.5,-1.53,NaN,NaN,0,NaN,NaN,NaN,50.5,151.5,-1.56,NaN,NaN,0,NaN,NaN,NaN,50.5,151.5,-1.62,NaN,NaN,0,NaN,NaN,NaN,NaN,0,1.5,NaN,NaN,NaN,NaN
51,153,-1.65,149.78125,154.21875,4.4375,0.993031274,0,NaN,51,153,-1.53,149.8125,154.1875,4.375,0.9964475909,0,NaN,51,153,-1.59,149.75,154.25,4.5,1,NaN,51,153,-1.59,NaN,NaN,0,NaN,NaN,NaN,51,153,-1.59,NaN,NaN,0,NaN,NaN,NaN,51,153,-1.65,NaN,NaN,0,NaN,NaN,NaN,51,153,-1.56,149.75,154.25,4.5,1,0,NaN,51,153,-1.59,149.75,154.25,4.5,1,0,NaN,51,153,-1.65,149.75,154.25,4.5,1,0,NaN,NaN,0,1.5,NaN,NaN,NaN,NaN
51.5,154.5,-1.68,NaN,NaN,0,NaN,NaN,NaN,51.5,154.5,-1.56,NaN,NaN,0,NaN,NaN,NaN,51.5,154.5,-1.62,NaN,NaN,0,NaN,NaN,51.5,154.5,-1.62,NaN,NaN,0,NaN,NaN,NaN,51.5,154.5,-1.62,NaN,NaN,0,NaN,NaN,NaN,51.5,154.5,-1.68,NaN,NaN,0,NaN,NaN,NaN,51.5,154.5,-1.59,NaN,NaN,0,NaN,NaN,NaN,51.5,154.5,-1.62,NaN,NaN,0,NaN,NaN,NaN,51.5,154.5,-1.68,NaN,NaN,0,NaN,NaN,NaN,NaN,0,1.5,NaN,NaN,NaN,NaN
52,156,-1.71,149.78125,154.21875,4.4375,0.993031274,0,NaN,52,156,-1.59,149.8125,154.1875,4.375,0.9964475909,0,NaN,52,156,-1.65,149.75,154.25,4.5,1,NaN,52,156,-1.65,NaN,NaN,0,NaN,NaN,NaN,52,156,-1.65,NaN,NaN,0,NaN,NaN,NaN,52,156,-1.71,NaN,NaN,0,NaN,NaN,NaN,52,156,-1.62,149.75,154.25,4.5,1,0,NaN,52,156,-1.65,149.75,154.25,4.5,1,0,NaN,52,156,-1.71,149.75,154.25,4.5,1,0,NaN,NaN,0,1.5,NaN,NaN,NaN,NaN
52.5,157.5,-1.74,NaN,NaN,0,NaN,NaN,NaN,52.5,157.5,-1.62,NaN,NaN,0,NaN,NaN,NaN,52.5,157.5,-1.68,NaN,NaN,0,NaN,NaN,52.5,157.5,-1.68,NaN,NaN,0,NaN,NaN,NaN,52.5,157.5,-1.68,NaN,NaN,0,NaN,NaN,NaN,52.5,157.5,-1.74,NaN,NaN,0,NaN,NaN,NaN,52.5,157.5,-1.65,NaN,NaN,0,NaN,NaN,NaN,52.5,157.5,-1.68,NaN,NaN,0,NaN,NaN,NaN,52.5,157.5,-1.74,NaN,NaN,0,NaN,NaN,NaN,NaN,0,1.5,NaN,NaN,NaN,NaN
53,159,-1.77,149.75,154.21875,4.46875,0.9965217286,0,NaN,53,159,-1.65,149.8125,154.1875,4.375,0.9964475909,0,NaN,53,159,-1.71,149.75,154.25,4.5,1,NaN,53,159,-1.71,NaN,NaN,0,NaN,NaN,NaN,53,159,-1.71,NaN,NaN,0,NaN,NaN,NaN,53,159,-1.77,NaN,NaN,0,NaN,NaN,NaN,53,159,-1.68,149.75,154.25,4.5,1,0,NaN,53,159,-1.71,149.75,154.25,4.5,1,0,NaN,53,159,-1.77,149.75,154.25,4.5,1,0,NaN,NaN,0,1.5,NaN,NaN,NaN,NaN
53.5,160.5,-1.8,NaN,NaN,0,NaN,NaN,NaN,53.5,160.5,-1.68,NaN,NaN,0,NaN,NaN,NaN,53.5,160.5,-1.74,NaN,NaN,0,NaN,NaN,53.5,160.5,-1.74,NaN,NaN,0,NaN,NaN,NaN,53.5,160.5,-1.74,NaN,NaN,0,NaN,NaN,NaN,53.5,160.5,-1.8,NaN,NaN,0,NaN,NaN,NaN,53.5,160.5,-1.71,NaN,NaN,0,NaN,NaN,NaN,53.5,160.5,-1.74,NaN,NaN,0,NaN,NaN,NaN,53.5,160.5,-1.8,NaN,NaN,0,NaN,NaN,NaN,NaN,0,1.5,NaN,NaN,NaN,NaN
54,162,-1.83,149.75,154.21875,4.46875,0.9965217286,0,NaN,54,162,-1.71,149.78125,154.1875,4.40625,1,0,NaN,54,162,-1.77,149.75,154.25,4.5,1,NaN,54,162,-1.77,NaN,NaN,0,NaN,NaN,NaN,54,162,-1.77,NaN,NaN,0,NaN,NaN,NaN,54,162,-1.83,NaN,NaN,0,NaN,NaN,NaN,54,162,-1.74,149.75,154.25,4.5,1,0,NaN,54,162,-1.77,149.75,154.25,4.5,1,0,NaN,54,162,-1.83,149.75,154.25,4.5,1,0,NaN,NaN,0,1.5,NaN,NaN,NaN,NaN
54.5,163.5,-1.86,NaN,NaN,0,NaN,NaN,NaN,54.5,163.5,-1.74,NaN,NaN,0,NaN,NaN,NaN,54.5,163.5,-1.8,NaN,NaN,0,NaN,NaN,54.5,163.5,-1.8,NaN,NaN,0,NaN,NaN,NaN,54.5,163.5,-1.8,NaN,NaN,0,NaN,NaN,NaN,54.5,163.5,-1.86,NaN,NaN,0,NaN,NaN,NaN,54.5,163.5,-1.77,NaN,NaN,0,NaN,NaN,NaN,54.5,163.5,-1.8,NaN,NaN,0,NaN,NaN,NaN,54.5,163.5,-1.86,NaN,NaN,0,NaN,NaN,NaN,NaN,0,1.5,NaN,NaN,NaN,NaN
55,165,-1.89,149.75,154.21875,4.46875,0.9965217286,0,NaN,55,165,-1.77,149.78125,154.1875,4.40625,1,0,NaN,55,165,-1.83,149.75,154.25,4.5,1,NaN,55,165,-1.83,NaN,NaN,0,NaN,NaN,NaN,55,165,-1.83,NaN,NaN,0,NaN,NaN,NaN,55,165,-1.89,NaN,NaN,0,NaN,NaN,NaN,55,165,-1.8,149.75,154.25,4.5,1,0,NaN,55,165,-1.83,149.75,154.25,4.5,1,0,NaN,55,165,-1.89,149.75,154.25,4.5,1,0,NaN,NaN,0,1.5,NaN,NaN,NaN,NaN
55.5,166.5,-1.92,NaN,NaN,0,NaN,NaN,NaN,55.5,166.5,-1.8,NaN,NaN,0,NaN,NaN,NaN,55.5,166.5,-1.86,NaN,NaN,0,NaN,NaN,55.5,166.5,-1.86,NaN,NaN,0,NaN,NaN,NaN,55.5,166.5,-1.86,NaN,NaN,0,NaN,NaN,NaN,55.5,166.5,-1.92,NaN,NaN,0,NaN,NaN,NaN,55.5,166.5,-1.83,NaN,NaN,0,NaN,NaN,NaN,55.5,166.5,-1.86,NaN,NaN,0,NaN,NaN,NaN,55.5,166.5,-1.92,NaN,NaN,0,NaN,NaN,NaN,NaN,0,1.5,NaN,NaN,NaN,NaN
56,168,-1.95,149.75,154.21875,4.46875,0.9965217286,0,NaN,56,168,-1.83,149.78125,154.1875,4.40625,1,0,NaN,56,168,-1.89,149.75,154.25,4.5,1,NaN,56,168,-1.89,NaN,NaN,0,NaN,NaN,NaN,56,168,-1.89,NaN,NaN,0,NaN,NaN,NaN,56,168,-1.95,NaN,NaN,0,NaN,NaN,NaN,56,168,-1.86,149.75,154.25,4.5,1,0,NaN,56,168,-1.89,149.75,154.25,4.5,1,0,NaN,56,168,-1.95,149.75,154.25,4.5,1,0,NaN,NaN,0,1.5,NaN,NaN,NaN,NaN
56.5,169.5,-1.98,NaN,NaN,0,NaN,NaN,NaN,56.5,169.5,-1.86,NaN,NaN,0,NaN,NaN,NaN,56.5,169.5,-1.92,NaN,NaN,0,NaN,NaN,56.5,169.5,-1.92,NaN,NaN,0,NaN,NaN,NaN,56.5,169.5,-1.92,NaN,NaN,0,NaN,NaN,NaN,56.5,169.5,-1.98,NaN,NaN,0,NaN,NaN,NaN,56.5,169.5,-1.89,NaN,NaN,0,NaN,NaN,NaN,56.5,169.5,-1.92,NaN,NaN,0,NaN,NaN,NaN,56.5,169.5,-1.98,NaN,NaN,0,NaN,NaN,NaN,NaN,0,1.5,NaN,NaN,NaN,NaN
57,171,-2.01,149.75,154.25,4.5,1,0,NaN,57,171,-1.89,149.78125,154.1875,4.40625,1,0,NaN,57,171,-1.95,149.75,154.25,4.5,1,NaN,57,171,-1.95,NaN,NaN,0,NaN,NaN,NaN,57,171,-1.95,NaN,NaN,0,NaN,NaN,NaN,57,171,-2.01,NaN,NaN,0,NaN,NaN,NaN,57,171,-1.92,149.75,154.25,4.5,1,0,NaN,57,171,-1.95,149.75,154.25,4.5,1,0,NaN,57,171,-2.01,149.75,154.25,4.5,1,0,NaN,NaN,0,1.5,NaN,NaN,NaN,NaN
57.5,172.5,-2.04,NaN,NaN,0,NaN,NaN,NaN,57.5,172.5,-1.92,NaN,NaN,0,NaN,NaN,NaN,57.5,172.5,-1.98,NaN,NaN,0,NaN,NaN,57.5,172.5,-1.98,NaN,NaN,0,NaN,NaN,NaN,57.5,172.5,-1.98,NaN,NaN,0,NaN,NaN,NaN,57.5,172.5,-2.04,NaN,NaN,0,NaN,NaN,NaN,57.5,172.5,-1.95,NaN,NaN,0,NaN,NaN,NaN,57.5,172.5,-1.98,NaN,NaN,0,NaN,NaN,NaN,57.5,172.5,-2.04,NaN,NaN,0,NaN,NaN,NaN,NaN,0,1.5,NaN,NaN,NaN,NaN
58,174,-2.07,149.75,154.25,4.5,1,0,NaN,58,174,-1.95,149.78125,154.1875,4.40625,1,0,NaN,58,174,-2.01,149.75,154.25,4.5,1,NaN,58,174,-2.01,NaN,NaN,0,NaN,NaN,NaN,58,174,-2.01,NaN,NaN,0,NaN,NaN,NaN,58,174,-2.07,NaN,NaN,0,NaN,NaN,NaN,58,174,-1.98,149.75,154.25,4.5,1,0,NaN,58,174,-2.01,149.75,154.25,4.5,1,0,NaN,58,174,-2.07,149.75,154.25,4.5,1,0,NaN,NaN,0,1.5,NaN,NaN,NaN,NaN
58.5,175.5,-2.1,NaN,NaN,0,NaN,NaN,NaN,58.5,175.5,-1.98,NaN,NaN,0,NaN,NaN,NaN,58.5,175.5,-2.04,NaN,NaN,0,NaN,NaN,58.5,175.5,-2.04,NaN,NaN,0,NaN,NaN,NaN,58.5,175.5,-2.04,NaN,NaN,0,NaN,NaN,NaN,58.5,175.5,-2.1,NaN,NaN,0,NaN,NaN,NaN,58.5,175.5,-2.01,NaN,NaN,0,NaN,NaN,NaN,58.5,175.5,-2.04,NaN,NaN,0,NaN,NaN,NaN,58.5,175.5,-2.1,NaN,NaN,0,NaN,NaN,NaN,NaN,0,1.5,NaN,NaN,NaN,NaN
59,177,-2.13,149.75,154.25,4.5,1,0,NaN,59,177,-2.01,149.78125,154.1875,4.40625,1,0,NaN,59,177,-2.07,149.75,154.25,4.5,1,NaN,59,177,-2.07,NaN,NaN,0,NaN,NaN,NaN,59,177,-2.07,NaN,NaN,0,NaN,NaN,NaN,59,177,-2.13,NaN,NaN,0,NaN,NaN,NaN,59,177,-2.04,149.75,154.25,4.5,1,0,NaN,59,177,-2.07,149.75,154.25,4.5,1,0,NaN,59,177,-2.13,149.75,154.25,4.5,1,0,NaN,NaN,0,1.5,NaN,NaN,NaN,NaN
59.5,178.5,-2.16,NaN,NaN,0,NaN,NaN,NaN,59.5,178.5,-2.04,NaN,NaN,0,NaN,NaN,NaN,59.5,178.5,-2.1,NaN,NaN,0,NaN,NaN,59.5,178.5,-2.1,NaN,NaN,0,NaN,NaN,NaN,59.5,178.5,-2.1,NaN,NaN,0,NaN,NaN,NaN,59.5,178.5,-2.16,NaN,NaN,0,NaN,NaN,NaN,59.5,178.5,-2.07,NaN,NaN,0,NaN,NaN,NaN,59.5,178.5,-2.1,NaN,NaN,0,NaN,NaN,NaN,59.5,178.5,-2.16,NaN,NaN,0,NaN,NaN,NaN,NaN,0,1.5,NaN,NaN,NaN,NaN
60,180,-2.19,149.75,154.25,4.5,1,0,NaN,60,180,-2.07,149.78125,154.1875,4.40625,1,0,NaN,60,180,-2.13,149.75,154.25,4.5,1,NaN,60,180,-2.13,NaN,NaN,0,NaN,NaN,NaN,60,180,-2.13,NaN,NaN,0,NaN,NaN,NaN,60,180,-2.19,NaN,NaN,0,NaN,NaN,NaN,60,180,-2.1,149.75,154.25,4.5,1,0,NaN,60,180,-2.13,149.75,154.25,4.5,1,0,NaN,60,180,-2.19,149.75,154.25,4.5,1,0,NaN,NaN,0,1.5,NaN,NaN,NaN,NaN
NaN,NaN,NaN,NaN,NaN,NaN,NaN,0,NaN,NaN,NaN,NaN,NaN,NaN,NaN,NaN,0,NaN,NaN,NaN,NaN,NaN,NaN,NaN,NaN,NaN,NaN,NaN,NaN,NaN,NaN,NaN,NaN,0,NaN,NaN,NaN,NaN,NaN,NaN,NaN,NaN,0,NaN,NaN,NaN,NaN,NaN,NaN,NaN,NaN,0,NaN,NaN,NaN,NaN,NaN,NaN,NaN,NaN,0,NaN,NaN,NaN,NaN,NaN,NaN,NaN,NaN,0,NaN,NaN,NaN,NaN,NaN,NaN,NaN,NaN,0,NaN,NaN,NaN,NaN,NaN,NaN,NaN,NaN
NaN,NaN,NaN,NaN,NaN,NaN,NaN,0,NaN,NaN,NaN,NaN,NaN,NaN,NaN,NaN,0,NaN,NaN,NaN,NaN,NaN,NaN,NaN,NaN,NaN,NaN,NaN,NaN,NaN,NaN,NaN,NaN,0,NaN,NaN,NaN,NaN,NaN,NaN,NaN,NaN,0,NaN,NaN,NaN,NaN,NaN,NaN,NaN,NaN,0,NaN,NaN,NaN,NaN,NaN,NaN,NaN,NaN,0,NaN,NaN,NaN,NaN,NaN,NaN,NaN,NaN,0,NaN,NaN,NaN,NaN,NaN,NaN,NaN,NaN,0,NaN,NaN,NaN,NaN,NaN,NaN,NaN,NaN
NaN,NaN,NaN,NaN,NaN,NaN,NaN,0,NaN,NaN,NaN,NaN,NaN,NaN,NaN,NaN,0,NaN,NaN,NaN,NaN,NaN,NaN,NaN,NaN,NaN,NaN,NaN,NaN,NaN,NaN,NaN,NaN,0,NaN,NaN,NaN,NaN,NaN,NaN,NaN,NaN,0,NaN,NaN,NaN,NaN,NaN,NaN,NaN,NaN,0,NaN,NaN,NaN,NaN,NaN,NaN,NaN,NaN,0,NaN,NaN,NaN,NaN,NaN,NaN,NaN,NaN,0,NaN,NaN,NaN,NaN,NaN,NaN,NaN,NaN,0,NaN,NaN,NaN,NaN,NaN,NaN,NaN,NaN
NaN,NaN,NaN,NaN,NaN,NaN,NaN,0,NaN,NaN,NaN,NaN,NaN,NaN,NaN,NaN,0,NaN,NaN,NaN,NaN,NaN,NaN,NaN,NaN,NaN,NaN,NaN,NaN,NaN,NaN,NaN,NaN,0,NaN,NaN,NaN,NaN,NaN,NaN,NaN,NaN,0,NaN,NaN,NaN,NaN,NaN,NaN,NaN,NaN,0,NaN,NaN,NaN,NaN,NaN,NaN,NaN,NaN,0,NaN,NaN,NaN,NaN,NaN,NaN,NaN,NaN,0,NaN,NaN,NaN,NaN,NaN,NaN,NaN,NaN,0,NaN,NaN,NaN,NaN,NaN,NaN,NaN,NaN
NaN,NaN,NaN,NaN,NaN,NaN,NaN,0,NaN,NaN,NaN,NaN,NaN,NaN,NaN,NaN,0,NaN,NaN,NaN,NaN,NaN,NaN,NaN,NaN,NaN,NaN,NaN,NaN,NaN,NaN,NaN,NaN,0,NaN,NaN,NaN,NaN,NaN,NaN,NaN,NaN,0,NaN,NaN,NaN,NaN,NaN,NaN,NaN,NaN,0,NaN,NaN,NaN,NaN,NaN,NaN,NaN,NaN,0,NaN,NaN,NaN,NaN,NaN,NaN,NaN,NaN,0,NaN,NaN,NaN,NaN,NaN,NaN,NaN,NaN,0,NaN,NaN,NaN,NaN,NaN,NaN,NaN,NaN
NaN,NaN,NaN,NaN,NaN,NaN,NaN,0,NaN,NaN,NaN,NaN,NaN,NaN,NaN,NaN,0,NaN,NaN,NaN,NaN,NaN,NaN,NaN,NaN,NaN,NaN,NaN,NaN,NaN,NaN,NaN,NaN,0,NaN,NaN,NaN,NaN,NaN,NaN,NaN,NaN,0,NaN,NaN,NaN,NaN,NaN,NaN,NaN,NaN,0,NaN,NaN,NaN,NaN,NaN,NaN,NaN,NaN,0,NaN,NaN,NaN,NaN,NaN,NaN,NaN,NaN,0,NaN,NaN,NaN,NaN,NaN,NaN,NaN,NaN,0,NaN,NaN,NaN,NaN,NaN,NaN,NaN,NaN
NaN,NaN,NaN,NaN,NaN,NaN,NaN,0,NaN,NaN,NaN,NaN,NaN,NaN,NaN,NaN,0,NaN,NaN,NaN,NaN,NaN,NaN,NaN,NaN,NaN,NaN,NaN,NaN,NaN,NaN,NaN,NaN,0,NaN,NaN,NaN,NaN,NaN,NaN,NaN,NaN,0,NaN,NaN,NaN,NaN,NaN,NaN,NaN,NaN,0,NaN,NaN,NaN,NaN,NaN,NaN,NaN,NaN,0,NaN,NaN,NaN,NaN,NaN,NaN,NaN,NaN,0,NaN,NaN,NaN,NaN,NaN,NaN,NaN,NaN,0,NaN,NaN,NaN,NaN,NaN,NaN,NaN,NaN
NaN,NaN,NaN,NaN,NaN,NaN,NaN,0,NaN,NaN,NaN,NaN,NaN,NaN,NaN,NaN,0,NaN,NaN,NaN,NaN,NaN,NaN,NaN,NaN,NaN,NaN,NaN,NaN,NaN,NaN,NaN,NaN,0,NaN,NaN,NaN,NaN,NaN,NaN,NaN,NaN,0,NaN,NaN,NaN,NaN,NaN,NaN,NaN,NaN,0,NaN,NaN,NaN,NaN,NaN,NaN,NaN,NaN,0,NaN,NaN,NaN,NaN,NaN,NaN,NaN,NaN,0,NaN,NaN,NaN,NaN,NaN,NaN,NaN,NaN,0,NaN,NaN,NaN,NaN,NaN,NaN,NaN,NaN
NaN,NaN,NaN,NaN,NaN,NaN,NaN,0,NaN,NaN,NaN,NaN,NaN,NaN,NaN,NaN,0,NaN,NaN,NaN,NaN,NaN,NaN,NaN,NaN,NaN,NaN,NaN,NaN,NaN,NaN,NaN,NaN,0,NaN,NaN,NaN,NaN,NaN,NaN,NaN,NaN,0,NaN,NaN,NaN,NaN,NaN,NaN,NaN,NaN,0,NaN,NaN,NaN,NaN,NaN,NaN,NaN,NaN,0,NaN,NaN,NaN,NaN,NaN,NaN,NaN,NaN,0,NaN,NaN,NaN,NaN,NaN,NaN,NaN,NaN,0,NaN,NaN,NaN,NaN,NaN,NaN,NaN,NaN
NaN,NaN,NaN,NaN,NaN,NaN,NaN,0,NaN,NaN,NaN,NaN,NaN,NaN,NaN,NaN,0,NaN,NaN,NaN,NaN,NaN,NaN,NaN,NaN,NaN,NaN,NaN,NaN,NaN,NaN,NaN,NaN,0,NaN,NaN,NaN,NaN,NaN,NaN,NaN,NaN,0,NaN,NaN,NaN,NaN,NaN,NaN,NaN,NaN,0,NaN,NaN,NaN,NaN,NaN,NaN,NaN,NaN,0,NaN,NaN,NaN,NaN,NaN,NaN,NaN,NaN,0,NaN,NaN,NaN,NaN,NaN,NaN,NaN,NaN,0,NaN,NaN,NaN,NaN,NaN,NaN,NaN,NaN
NaN,NaN,NaN,NaN,NaN,NaN,NaN,0,NaN,NaN,NaN,NaN,NaN,NaN,NaN,NaN,0,NaN,NaN,NaN,NaN,NaN,NaN,NaN,NaN,NaN,NaN,NaN,NaN,NaN,NaN,NaN,NaN,0,NaN,NaN,NaN,NaN,NaN,NaN,NaN,NaN,0,NaN,NaN,NaN,NaN,NaN,NaN,NaN,NaN,0,NaN,NaN,NaN,NaN,NaN,NaN,NaN,NaN,0,NaN,NaN,NaN,NaN,NaN,NaN,NaN,NaN,0,NaN,NaN,NaN,NaN,NaN,NaN,NaN,NaN,0,NaN,NaN,NaN,NaN,NaN,NaN,NaN,NaN
NaN,NaN,NaN,NaN,NaN,NaN,NaN,0,NaN,NaN,NaN,NaN,NaN,NaN,NaN,NaN,0,NaN,NaN,NaN,NaN,NaN,NaN,NaN,NaN,NaN,NaN,NaN,NaN,NaN,NaN,NaN,NaN,0,NaN,NaN,NaN,NaN,NaN,NaN,NaN,NaN,0,NaN,NaN,NaN,NaN,NaN,NaN,NaN,NaN,0,NaN,NaN,NaN,NaN,NaN,NaN,NaN,NaN,0,NaN,NaN,NaN,NaN,NaN,NaN,NaN,NaN,0,NaN,NaN,NaN,NaN,NaN,NaN,NaN,NaN,0,NaN,NaN,NaN,NaN,NaN,NaN,NaN,NaN
NaN,NaN,NaN,NaN,NaN,NaN,NaN,0,NaN,NaN,NaN,NaN,NaN,NaN,NaN,NaN,0,NaN,NaN,NaN,NaN,NaN,NaN,NaN,NaN,NaN,NaN,NaN,NaN,NaN,NaN,NaN,NaN,0,NaN,NaN,NaN,NaN,NaN,NaN,NaN,NaN,0,NaN,NaN,NaN,NaN,NaN,NaN,NaN,NaN,0,NaN,NaN,NaN,NaN,NaN,NaN,NaN,NaN,0,NaN,NaN,NaN,NaN,NaN,NaN,NaN,NaN,0,NaN,NaN,NaN,NaN,NaN,NaN,NaN,NaN,0,NaN,NaN,NaN,NaN,NaN,NaN,NaN,NaN
NaN,NaN,NaN,NaN,NaN,NaN,NaN,0,NaN,NaN,NaN,NaN,NaN,NaN,NaN,NaN,0,NaN,NaN,NaN,NaN,NaN,NaN,NaN,NaN,NaN,NaN,NaN,NaN,NaN,NaN,NaN,NaN,0,NaN,NaN,NaN,NaN,NaN,NaN,NaN,NaN,0,NaN,NaN,NaN,NaN,NaN,NaN,NaN,NaN,0,NaN,NaN,NaN,NaN,NaN,NaN,NaN,NaN,0,NaN,NaN,NaN,NaN,NaN,NaN,NaN,NaN,0,NaN,NaN,NaN,NaN,NaN,NaN,NaN,NaN,0,NaN,NaN,NaN,NaN,NaN,NaN,NaN,NaN
NaN,NaN,NaN,NaN,NaN,NaN,NaN,0,NaN,NaN,NaN,NaN,NaN,NaN,NaN,NaN,0,NaN,NaN,NaN,NaN,NaN,NaN,NaN,NaN,NaN,NaN,NaN,NaN,NaN,NaN,NaN,NaN,0,NaN,NaN,NaN,NaN,NaN,NaN,NaN,NaN,0,NaN,NaN,NaN,NaN,NaN,NaN,NaN,NaN,0,NaN,NaN,NaN,NaN,NaN,NaN,NaN,NaN,0,NaN,NaN,NaN,NaN,NaN,NaN,NaN,NaN,0,NaN,NaN,NaN,NaN,NaN,NaN,NaN,NaN,0,NaN,NaN,NaN,NaN,NaN,NaN,NaN,NaN
NaN,NaN,NaN,NaN,NaN,NaN,NaN,0,NaN,NaN,NaN,NaN,NaN,NaN,NaN,NaN,0,NaN,NaN,NaN,NaN,NaN,NaN,NaN,NaN,NaN,NaN,NaN,NaN,NaN,NaN,NaN,NaN,0,NaN,NaN,NaN,NaN,NaN,NaN,NaN,NaN,0,NaN,NaN,NaN,NaN,NaN,NaN,NaN,NaN,0,NaN,NaN,NaN,NaN,NaN,NaN,NaN,NaN,0,NaN,NaN,NaN,NaN,NaN,NaN,NaN,NaN,0,NaN,NaN,NaN,NaN,NaN,NaN,NaN,NaN,0,NaN,NaN,NaN,NaN,NaN,NaN,NaN,NaN
NaN,NaN,NaN,NaN,NaN,NaN,NaN,0,NaN,NaN,NaN,NaN,NaN,NaN,NaN,NaN,0,NaN,NaN,NaN,NaN,NaN,NaN,NaN,NaN,NaN,NaN,NaN,NaN,NaN,NaN,NaN,NaN,0,NaN,NaN,NaN,NaN,NaN,NaN,NaN,NaN,0,NaN,NaN,NaN,NaN,NaN,NaN,NaN,NaN,0,NaN,NaN,NaN,NaN,NaN,NaN,NaN,NaN,0,NaN,NaN,NaN,NaN,NaN,NaN,NaN,NaN,0,NaN,NaN,NaN,NaN,NaN,NaN,NaN,NaN,0,NaN,NaN,NaN,NaN,NaN,NaN,NaN,NaN
NaN,NaN,NaN,NaN,NaN,NaN,NaN,0,NaN,NaN,NaN,NaN,NaN,NaN,NaN,NaN,0,NaN,NaN,NaN,NaN,NaN,NaN,NaN,NaN,NaN,NaN,NaN,NaN,NaN,NaN,NaN,NaN,0,NaN,NaN,NaN,NaN,NaN,NaN,NaN,NaN,0,NaN,NaN,NaN,NaN,NaN,NaN,NaN,NaN,0,NaN,NaN,NaN,NaN,NaN,NaN,NaN,NaN,0,NaN,NaN,NaN,NaN,NaN,NaN,NaN,NaN,0,NaN,NaN,NaN,NaN,NaN,NaN,NaN,NaN,0,NaN,NaN,NaN,NaN,NaN,NaN,NaN,NaN
NaN,NaN,NaN,NaN,NaN,NaN,NaN,0,NaN,NaN,NaN,NaN,NaN,NaN,NaN,NaN,0,NaN,NaN,NaN,NaN,NaN,NaN,NaN,NaN,NaN,NaN,NaN,NaN,NaN,NaN,NaN,NaN,0,NaN,NaN,NaN,NaN,NaN,NaN,NaN,NaN,0,NaN,NaN,NaN,NaN,NaN,NaN,NaN,NaN,0,NaN,NaN,NaN,NaN,NaN,NaN,NaN,NaN,0,NaN,NaN,NaN,NaN,NaN,NaN,NaN,NaN,0,NaN,NaN,NaN,NaN,NaN,NaN,NaN,NaN,0,NaN,NaN,NaN,NaN,NaN,NaN,NaN,NaN
NaN,NaN,NaN,NaN,NaN,NaN,NaN,0,NaN,NaN,NaN,NaN,NaN,NaN,NaN,NaN,0,NaN,NaN,NaN,NaN,NaN,NaN,NaN,NaN,NaN,NaN,NaN,NaN,NaN,NaN,NaN,NaN,0,NaN,NaN,NaN,NaN,NaN,NaN,NaN,NaN,0,NaN,NaN,NaN,NaN,NaN,NaN,NaN,NaN,0,NaN,NaN,NaN,NaN,NaN,NaN,NaN,NaN,0,NaN,NaN,NaN,NaN,NaN,NaN,NaN,NaN,0,NaN,NaN,NaN,NaN,NaN,NaN,NaN,NaN,0,NaN,NaN,NaN,NaN,NaN,NaN,NaN,NaN
NaN,NaN,NaN,NaN,NaN,NaN,NaN,0,NaN,NaN,NaN,NaN,NaN,NaN,NaN,NaN,0,NaN,NaN,NaN,NaN,NaN,NaN,NaN,NaN,NaN,NaN,NaN,NaN,NaN,NaN,NaN,NaN,0,NaN,NaN,NaN,NaN,NaN,NaN,NaN,NaN,0,NaN,NaN,NaN,NaN,NaN,NaN,NaN,NaN,0,NaN,NaN,NaN,NaN,NaN,NaN,NaN,NaN,0,NaN,NaN,NaN,NaN,NaN,NaN,NaN,NaN,0,NaN,NaN,NaN,NaN,NaN,NaN,NaN,NaN,0,NaN,NaN,NaN,NaN,NaN,NaN,NaN,NaN
NaN,NaN,NaN,NaN,NaN,NaN,NaN,0,NaN,NaN,NaN,NaN,NaN,NaN,NaN,NaN,0,NaN,NaN,NaN,NaN,NaN,NaN,NaN,NaN,NaN,NaN,NaN,NaN,NaN,NaN,NaN,NaN,0,NaN,NaN,NaN,NaN,NaN,NaN,NaN,NaN,0,NaN,NaN,NaN,NaN,NaN,NaN,NaN,NaN,0,NaN,NaN,NaN,NaN,NaN,NaN,NaN,NaN,0,NaN,NaN,NaN,NaN,NaN,NaN,NaN,NaN,0,NaN,NaN,NaN,NaN,NaN,NaN,NaN,NaN,0,NaN,NaN,NaN,NaN,NaN,NaN,NaN,NaN
NaN,NaN,NaN,NaN,NaN,NaN,NaN,0,NaN,NaN,NaN,NaN,NaN,NaN,NaN,NaN,0,NaN,NaN,NaN,NaN,NaN,NaN,NaN,NaN,NaN,NaN,NaN,NaN,NaN,NaN,NaN,NaN,0,NaN,NaN,NaN,NaN,NaN,NaN,NaN,NaN,0,NaN,NaN,NaN,NaN,NaN,NaN,NaN,NaN,0,NaN,NaN,NaN,NaN,NaN,NaN,NaN,NaN,0,NaN,NaN,NaN,NaN,NaN,NaN,NaN,NaN,0,NaN,NaN,NaN,NaN,NaN,NaN,NaN,NaN,0,NaN,NaN,NaN,NaN,NaN,NaN,NaN,NaN
NaN,NaN,NaN,NaN,NaN,NaN,NaN,0,NaN,NaN,NaN,NaN,NaN,NaN,NaN,NaN,0,NaN,NaN,NaN,NaN,NaN,NaN,NaN,NaN,NaN,NaN,NaN,NaN,NaN,NaN,NaN,NaN,0,NaN,NaN,NaN,NaN,NaN,NaN,NaN,NaN,0,NaN,NaN,NaN,NaN,NaN,NaN,NaN,NaN,0,NaN,NaN,NaN,NaN,NaN,NaN,NaN,NaN,0,NaN,NaN,NaN,NaN,NaN,NaN,NaN,NaN,0,NaN,NaN,NaN,NaN,NaN,NaN,NaN,NaN,0,NaN,NaN,NaN,NaN,NaN,NaN,NaN,NaN
NaN,NaN,NaN,NaN,NaN,NaN,NaN,0,NaN,NaN,NaN,NaN,NaN,NaN,NaN,NaN,0,NaN,NaN,NaN,NaN,NaN,NaN,NaN,NaN,NaN,NaN,NaN,NaN,NaN,NaN,NaN,NaN,0,NaN,NaN,NaN,NaN,NaN,NaN,NaN,NaN,0,NaN,NaN,NaN,NaN,NaN,NaN,NaN,NaN,0,NaN,NaN,NaN,NaN,NaN,NaN,NaN,NaN,0,NaN,NaN,NaN,NaN,NaN,NaN,NaN,NaN,0,NaN,NaN,NaN,NaN,NaN,NaN,NaN,NaN,0,NaN,NaN,NaN,NaN,NaN,NaN,NaN,NaN
NaN,NaN,NaN,NaN,NaN,NaN,NaN,0,NaN,NaN,NaN,NaN,NaN,NaN,NaN,NaN,0,NaN,NaN,NaN,NaN,NaN,NaN,NaN,NaN,NaN,NaN,NaN,NaN,NaN,NaN,NaN,NaN,0,NaN,NaN,NaN,NaN,NaN,NaN,NaN,NaN,0,NaN,NaN,NaN,NaN,NaN,NaN,NaN,NaN,0,NaN,NaN,NaN,NaN,NaN,NaN,NaN,NaN,0,NaN,NaN,NaN,NaN,NaN,NaN,NaN,NaN,0,NaN,NaN,NaN,NaN,NaN,NaN,NaN,NaN,0,NaN,NaN,NaN,NaN,NaN,NaN,NaN,NaN
NaN,NaN,NaN,NaN,NaN,NaN,NaN,0,NaN,NaN,NaN,NaN,NaN,NaN,NaN,NaN,0,NaN,NaN,NaN,NaN,NaN,NaN,NaN,NaN,NaN,NaN,NaN,NaN,NaN,NaN,NaN,NaN,0,NaN,NaN,NaN,NaN,NaN,NaN,NaN,NaN,0,NaN,NaN,NaN,NaN,NaN,NaN,NaN,NaN,0,NaN,NaN,NaN,NaN,NaN,NaN,NaN,NaN,0,NaN,NaN,NaN,NaN,NaN,NaN,NaN,NaN,0,NaN,NaN,NaN,NaN,NaN,NaN,NaN,NaN,0,NaN,NaN,NaN,NaN,NaN,NaN,NaN,NaN
NaN,NaN,NaN,NaN,NaN,NaN,NaN,0,NaN,NaN,NaN,NaN,NaN,NaN,NaN,NaN,0,NaN,NaN,NaN,NaN,NaN,NaN,NaN,NaN,NaN,NaN,NaN,NaN,NaN,NaN,NaN,NaN,0,NaN,NaN,NaN,NaN,NaN,NaN,NaN,NaN,0,NaN,NaN,NaN,NaN,NaN,NaN,NaN,NaN,0,NaN,NaN,NaN,NaN,NaN,NaN,NaN,NaN,0,NaN,NaN,NaN,NaN,NaN,NaN,NaN,NaN,0,NaN,NaN,NaN,NaN,NaN,NaN,NaN,NaN,0,NaN,NaN,NaN,NaN,NaN,NaN,NaN,NaN
NaN,NaN,NaN,NaN,NaN,NaN,NaN,0,NaN,NaN,NaN,NaN,NaN,NaN,NaN,NaN,0,NaN,NaN,NaN,NaN,NaN,NaN,NaN,NaN,NaN,NaN,NaN,NaN,NaN,NaN,NaN,NaN,0,NaN,NaN,NaN,NaN,NaN,NaN,NaN,NaN,0,NaN,NaN,NaN,NaN,NaN,NaN,NaN,NaN,0,NaN,NaN,NaN,NaN,NaN,NaN,NaN,NaN,0,NaN,NaN,NaN,NaN,NaN,NaN,NaN,NaN,0,NaN,NaN,NaN,NaN,NaN,NaN,NaN,NaN,0,NaN,NaN,NaN,NaN,NaN,NaN,NaN,NaN
NaN,NaN,NaN,NaN,NaN,NaN,NaN,0,NaN,NaN,NaN,NaN,NaN,NaN,NaN,NaN,0,NaN,NaN,NaN,NaN,NaN,NaN,NaN,NaN,NaN,NaN,NaN,NaN,NaN,NaN,NaN,NaN,0,NaN,NaN,NaN,NaN,NaN,NaN,NaN,NaN,0,NaN,NaN,NaN,NaN,NaN,NaN,NaN,NaN,0,NaN,NaN,NaN,NaN,NaN,NaN,NaN,NaN,0,NaN,NaN,NaN,NaN,NaN,NaN,NaN,NaN,0,NaN,NaN,NaN,NaN,NaN,NaN,NaN,NaN,0,NaN,NaN,NaN,NaN,NaN,NaN,NaN,NaN
