Time,Voltage,Time,,,,,,,,
17:50:36.479,2.35,36.479,,,,,,,,
17:50:36.550,2.34,36.55,,,,,,,,
17:50:36.584,2.34,36.584,,,,,,,,
17:50:36.651,2.34,36.651,,,,,,,,
17:50:36.684,2.35,36.684,,,,,,,,
17:50:36.755,2.37,36.755,,,,,,,,
17:50:36.792,2.38,36.792,,,,,,,,
17:50:36.828,2.39,36.828,,,,,,,,
17:50:36.896,2.39,36.896,,,,,,,,
17:50:36.934,2.4,36.934,,,,,,,,
17:50:36.973,2.4,36.973,,,,,,,,
17:50:37.039,2.4,37.039,,,,,,,,
17:50:37.073,2.39,37.073,,,,,,,,
17:50:37.143,2.36,37.143,,,,,,,,
17:50:37.176,2.33,37.176,,,,,,,,
17:50:37.245,2.31,37.245,,,,,,,,
17:50:37.282,2.3,37.282,,,,,,,,
17:50:37.351,2.29,37.351,,,,,,,,
17:50:37.385,2.29,37.385,,,,,,,,
17:50:37.451,2.28,37.451,,,,,,,,
17:50:37.485,2.28,37.485,,,,,,,,
17:50:37.560,2.3,37.56,,,,,,,,
17:50:37.596,2.31,37.596,,,,,,,,
17:50:37.629,2.32,37.629,,,,,,,,
17:50:37.697,2.32,37.697,,,,,,,,
17:50:37.732,2.33,37.732,,,,,,,,
17:50:37.801,2.33,37.801,,,,,,,,
17:50:37.835,2.33,37.835,,,,,,,,
17:50:37.901,2.33,37.901,,,,,,,,
17:50:37.940,2.33,37.94,,,,,,,,
17:50:37.974,2.34,37.974,,,,,,,,
17:50:38.040,2.34,38.04,,,,,,,,
17:50:38.079,2.35,38.079,,,,,,,,
17:50:38.150,2.35,38.15,,,,,,,,
17:50:38.186,2.36,38.186,,,,,,,,
17:50:38.257,2.36,38.257,,,,,,,,
17:50:38.291,2.37,38.291,,,,,,,,
17:50:38.326,2.37,38.326,,,,,,,,
17:50:38.394,2.37,38.394,,,,,,,,
17:50:38.427,2.36,38.427,,,,,,,,
17:50:38.502,2.36,38.502,,,,,,,,
17:50:38.539,2.36,38.539,,,,,,,,
17:50:38.572,2.36,38.572,,,,,,,,
17:50:38.645,2.36,38.645,,,,,,,,
17:50:38.679,2.35,38.679,,,,,,,,
17:50:38.753,2.36,38.753,,,,,,,,
17:50:38.788,2.36,38.788,,,,,,,,
17:50:38.822,2.36,38.822,,,,,,,,
17:50:38.894,2.36,38.894,,,,,,,,
17:50:38.930,2.36,38.93,,,,,,,,
17:50:39.000,2.36,39,,,,,,,,
17:50:39.035,2.36,39.035,,,,,,,,
17:50:39.073,2.35,39.073,,,,,,,,
17:50:39.141,2.34,39.141,,,,,,,,
17:50:39.179,2.33,39.179,,,,,,,,
17:50:39.251,2.33,39.251,,,,,,,,
17:50:39.286,2.32,39.286,,,,,,,,
17:50:39.357,2.32,39.357,,,,,,,,
17:50:39.391,2.32,39.391,,,,,,,,
17:50:39.429,2.32,39.429,,,,,,,,
17:50:39.499,2.32,39.499,,,,,,,,
17:50:39.532,2.35,39.532,,,,,,,,
17:50:39.605,2.35,39.605,,,,,,,,
17:50:39.639,2.36,39.639,,,,,,,,
17:50:39.676,2.37,39.676,,,,,,,,
17:50:39.748,2.37,39.748,,,,,,,,
17:50:39.782,2.37,39.782,,,,,,,,
17:50:39.849,2.37,39.849,,,,,,,,
17:50:39.884,2.36,39.884,,,,,,,,
17:50:39.954,2.34,39.954,,,,,,,,
17:50:39.991,2.32,39.991,,,,,,,,
17:50:40.025,2.31,40.025,,,,,,,,
17:50:40.094,2.3,40.094,,,,,,,,
17:50:40.128,2.3,40.128,,,,,,,,
17:50:40.203,2.3,40.203,,,,,,,,
17:50:40.238,2.3,40.238,,,,,,,,
17:50:40.313,2.31,40.313,,,,,,,,
17:50:40.347,2.34,40.347,,,,,,,,
17:50:40.381,2.37,40.381,,,,,,,,
17:50:40.448,2.38,40.448,,,,,,,,
17:50:40.482,2.39,40.482,,,,,,,,
17:50:40.549,2.4,40.549,,,,,,,,
17:50:40.583,2.4,40.583,,,,,,,,
17:50:40.652,2.4,40.652,,,,,,,,
17:50:40.686,2.39,40.686,,,,,,,,
17:50:40.755,2.37,40.755,,,,,,,,
17:50:40.789,2.35,40.789,,,,,,,,
17:50:40.857,2.34,40.857,,,,,,,,
17:50:40.890,2.33,40.89,,,,,,,,
17:50:40.925,2.32,40.925,,,,,,,,
17:50:40.992,2.32,40.992,,,,,,,,
17:50:41.028,2.31,41.028,,,,,,,,
17:50:41.098,2.31,41.098,,,,,,,,
17:50:41.136,2.32,41.136,,,,,,,,
17:50:41.208,2.33,41.208,,,,,,,,
17:50:41.242,2.33,41.242,,,,,,,,
17:50:41.277,2.33,41.277,,,,,,,,
17:50:41.347,2.33,41.347,,,,,,,,
17:50:41.381,2.33,41.381,,,,,,,,
17:50:41.452,2.32,41.452,,,,,,,,
17:50:41.485,2.33,41.485,,,,,,,,
17:50:41.554,2.34,41.554,,,,,,,,
17:50:41.591,2.34,41.591,,,,,,,,
17:50:41.625,2.34,41.625,,,,,,,,
17:50:41.696,2.34,41.696,,,,,,,,
17:50:41.731,2.34,41.731,,,,,,,,
17:50:41.801,2.34,41.801,,,,,,,,
17:50:41.834,2.34,41.834,,,,,,,,
17:50:41.901,2.33,41.901,,,,,,,,
17:50:41.935,2.32,41.935,,,,,,,,
17:50:42.002,2.32,42.002,,,,,,,,
17:50:42.035,2.32,42.035,,,,,,,,
17:50:42.104,2.31,42.104,,,,,,,,
17:50:42.142,2.31,42.142,,,,,,,,
17:50:42.208,2.31,42.208,,,,,,,,
17:50:42.244,2.3,42.244,,,,,,,,
17:50:42.278,2.32,42.278,,,,,,,,
17:50:42.348,2.34,42.348,,,,,,,,
17:50:42.384,2.35,42.384,,,,,,,,
17:50:42.452,2.36,42.452,,,,,,,,
17:50:42.485,2.37,42.485,,,,,,,,
17:50:42.557,2.38,42.557,,,,,,,,
17:50:42.596,2.38,42.596,,,,,,,,
17:50:42.630,2.39,42.63,,,,,,,,
17:50:42.702,2.39,42.702,,,,,,,,
17:50:42.735,2.38,42.735,,,,,,,,
17:50:42.802,2.37,42.802,,,,,,,,
17:50:42.835,2.37,42.835,,,,,,,,
17:50:42.902,2.36,42.902,,,,,,,,
17:50:42.935,2.36,42.935,,,,,,,,
17:50:43.003,2.36,43.003,,,,,,,,
17:50:43.038,2.36,43.038,,,,,,,,
17:50:43.110,2.36,43.11,,,,,,,,
17:50:43.148,2.36,43.148,,,,,,,,
17:50:43.183,2.37,43.183,,,,,,,,
17:50:43.253,2.38,43.253,,,,,,,,
17:50:43.289,2.38,43.289,,,,,,,,
17:50:43.360,2.37,43.36,,,,,,,,
17:50:43.393,2.37,43.393,,,,,,,,
17:50:43.431,2.38,43.431,,,,,,,,
17:50:43.504,2.36,43.504,,,,,,,,
17:50:43.540,2.35,43.54,,,,,,,,
17:50:43.611,2.35,43.611,,,,,,,,
17:50:43.645,2.34,43.645,,,,,,,,
17:50:43.683,2.34,43.683,,,,,,,,
17:50:43.751,2.34,43.751,,,,,,,,
17:50:43.785,2.33,43.785,,,,,,,,
17:50:43.855,2.33,43.855,,,,,,,,
17:50:43.889,2.33,43.889,,,,,,,,
17:50:43.963,2.34,43.963,,,,,,,,
17:50:44.000,2.34,44,,,,,,,,
17:50:44.035,2.34,44.035,,,,,,,,
17:50:44.102,2.35,44.102,,,,,,,,
17:50:44.135,2.35,44.135,,,,,,,,
17:50:44.207,2.35,44.207,,,,,,,,
17:50:44.244,2.34,44.244,,,,,,,,
17:50:44.314,2.34,44.314,,,,,,,,
17:50:44.348,2.33,44.348,,,,,,,,
17:50:44.383,2.33,44.383,,,,,,,,
17:50:44.452,2.32,44.452,,,,,,,,
17:50:44.485,2.32,44.485,,,,,,,,
17:50:44.557,2.32,44.557,,,,,,,,
17:50:44.591,2.33,44.591,,,,,,,,
17:50:44.661,2.33,44.661,,,,,,,,
17:50:44.699,2.35,44.699,,,,,,,,
17:50:44.732,2.36,44.732,,,,,,,,
17:50:44.802,2.38,44.802,,,,,,,,
17:50:44.835,2.39,44.835,,,,,,,,
17:50:44.902,2.39,44.902,,,,,,,,
17:50:44.935,2.39,44.935,,,,,,,,
17:50:45.003,2.39,45.003,,,,,,,,
17:50:45.040,2.39,45.04,,,,,,,,
17:50:45.112,2.39,45.112,,,,,,,,
17:50:45.146,2.37,45.146,,,,,,,,
17:50:45.180,2.36,45.18,,,,,,,,
17:50:45.248,2.36,45.248,,,,,,,,
17:50:45.283,2.35,45.283,,,,,,,,
17:50:45.358,2.35,45.358,,,,,,,,
17:50:45.391,2.35,45.391,,,,,,,,
17:50:45.461,2.34,45.461,,,,,,,,
17:50:45.495,2.34,45.495,,,,,,,,
17:50:45.533,2.35,45.533,,,,,,,,
17:50:45.600,2.35,45.6,,,,,,,,
17:50:45.636,2.35,45.636,,,,,,,,
17:50:45.703,2.35,45.703,,,,,,,,
17:50:45.737,2.35,45.737,,,,,,,,
17:50:45.812,2.35,45.812,,,,,,,,
17:50:45.845,2.35,45.845,,,,,,,,
17:50:45.879,2.35,45.879,,,,,,,,
17:50:45.955,2.35,45.955,,,,,,,,
17:50:45.993,2.34,45.993,,,,,,,,
17:50:46.028,2.34,46.028,,,,,,,,
17:50:46.095,2.33,46.095,,,,,,,,
17:50:46.133,2.33,46.133,,,,,,,,
17:50:46.200,2.33,46.2,,,,,,,,
17:50:46.234,2.33,46.234,,,,,,,,
17:50:46.307,2.32,46.307,,,,,,,,
17:50:46.345,2.31,46.345,,,,,,,,
17:50:46.383,2.31,46.383,,,,,,,,
17:50:46.452,2.3,46.452,,,,,,,,
17:50:46.486,2.3,46.486,,,,,,,,
17:50:46.552,2.29,46.552,,,,,,,,
17:50:46.586,2.29,46.586,,,,,,,,
17:50:46.653,2.29,46.653,,,,,,,,
17:50:46.686,2.31,46.686,,,,,,,,
17:50:46.753,2.32,46.753,,,,,,,,
17:50:46.791,2.33,46.791,,,,,,,,
17:50:46.859,2.33,46.859,,,,,,,,
17:50:46.893,2.34,46.893,,,,,,,,
17:50:46.961,2.35,46.961,,,,,,,,
17:50:46.997,2.35,46.997,,,,,,,,
17:50:47.033,2.36,47.033,,,,,,,,
17:50:47.099,2.35,47.099,,,,,,,,
17:50:47.134,2.33,47.134,,,,,,,,
17:50:47.201,2.33,47.201,,,,,,,,
17:50:47.236,2.32,47.236,,,,,,,,
17:50:47.312,2.32,47.312,,,,,,,,
17:50:47.350,2.31,47.35,,,,,,,,
17:50:47.384,2.31,47.384,,,,,,,,
17:50:47.451,2.31,47.451,,,,,,,,
17:50:47.484,2.33,47.484,,,,,,,,
17:50:47.555,2.35,47.555,,,,,,,,
17:50:47.589,2.37,47.589,,,,,,,,
17:50:47.660,2.39,47.66,,,,,,,,
17:50:47.693,2.39,47.693,,,,,,,,
17:50:47.731,2.4,47.731,,,,,,,,
17:50:47.802,2.4,47.802,,,,,,,,
17:50:47.840,2.4,47.84,,,,,,,,
17:50:47.915,2.39,47.915,,,,,,,,
17:50:47.949,2.38,47.949,,,,,,,,
17:50:47.986,2.37,47.986,,,,,,,,
17:50:48.056,2.36,48.056,,,,,,,,
17:50:48.091,2.35,48.091,,,,,,,,
17:50:48.163,2.35,48.163,,,,,,,,
17:50:48.199,2.35,48.199,,,,,,,,
17:50:48.232,2.34,48.232,,,,,,,,
17:50:48.304,2.34,48.304,,,,,,,,
17:50:48.342,2.33,48.342,,,,,,,,
17:50:48.409,2.32,48.409,,,,,,,,
17:50:48.445,2.32,48.445,,,,,,,,
17:50:48.515,2.31,48.515,,,,,,,,
17:50:48.549,2.31,48.549,,,,,,,,
17:50:48.585,2.31,48.585,,,,,,,,
17:50:48.654,2.31,48.654,,,,,,,,
17:50:48.688,2.31,48.688,,,,,,,,
17:50:48.762,2.32,48.762,,,,,,,,
17:50:48.795,2.33,48.795,,,,,,,,
17:50:48.833,2.33,48.833,,,,,,,,
17:50:48.900,2.34,48.9,,,,,,,,
17:50:48.934,2.34,48.934,,,,,,,,
17:50:49.001,2.35,49.001,,,,,,,,
17:50:49.036,2.35,49.036,,,,,,,,
17:50:49.110,2.36,49.11,,,,,,,,
17:50:49.148,2.36,49.148,,,,,,,,
17:50:49.186,2.36,49.186,,,,,,,,
17:50:49.258,2.36,49.258,,,,,,,,
17:50:49.292,2.36,49.292,,,,,,,,
17:50:49.360,2.36,49.36,,,,,,,,
17:50:49.394,2.35,49.394,,,,,,,,
17:50:49.466,2.34,49.466,,,,,,,,
17:50:49.500,2.35,49.5,,,,,,,,
17:50:49.536,2.34,49.536,,,,,,,,
17:50:49.604,2.34,49.604,,,,,,,,
17:50:49.638,2.34,49.638,,,,,,,,
17:50:49.708,2.33,49.708,,,,,,,,
17:50:49.743,2.33,49.743,,,,,,,,
17:50:49.814,2.33,49.814,,,,,,,,
17:50:49.851,2.32,49.851,,,,,,,,
17:50:49.886,2.32,49.886,,,,,,,,
17:50:49.957,2.33,49.957,,,,,,,,
17:50:49.995,2.34,49.995,,,,,,,,
17:50:50.029,2.34,50.029,,,,,,,,
17:50:50.097,2.34,50.097,,,,,,,,
17:50:50.131,2.34,50.131,,,,,,,,
17:50:50.203,2.34,50.203,,,,,,,,
17:50:50.241,2.34,50.241,,,,,,,,
17:50:50.277,2.34,50.277,,,,,,,,
17:50:50.352,2.33,50.352,,,,,,,,
17:50:50.386,2.33,50.386,,,,,,,,
17:50:50.453,2.33,50.453,,,,,,,,
17:50:50.486,2.33,50.486,,,,,,,,
17:50:50.553,2.33,50.553,,,,,,,,
17:50:50.586,2.33,50.586,,,,,,,,
17:50:50.653,2.33,50.653,,,,,,,,
17:50:50.686,2.32,50.686,,,,,,,,
17:50:50.755,2.3,50.755,,,,,,,,
17:50:50.789,2.29,50.789,,,,,,,,
17:50:50.864,2.28,50.864,,,,,,,,
17:50:50.897,2.27,50.897,,,,,,,,
17:50:50.936,2.27,50.936,,,,,,,,
17:50:51.005,2.27,51.005,,,,,,,,
17:50:51.040,2.28,51.04,,,,,,,,
17:50:51.115,2.3,51.115,,,,,,,,
17:50:51.148,2.34,51.148,,,,,,,,
17:50:51.182,2.37,51.182,,,,,,,,
17:50:51.252,2.39,51.252,,,,,,,,
17:50:51.286,2.39,51.286,,,,,,,,
17:50:51.354,2.4,51.354,,,,,,,,
17:50:51.388,2.41,51.388,,,,,,,,
17:50:51.460,2.41,51.46,,,,,,,,
17:50:51.493,2.4,51.493,,,,,,,,
17:50:51.564,2.39,51.564,,,,,,,,
17:50:51.598,2.38,51.598,,,,,,,,
17:50:51.633,2.38,51.633,,,,,,,,
17:50:51.701,2.37,51.701,,,,,,,,
17:50:51.736,2.37,51.736,,,,,,,,
17:50:51.810,2.37,51.81,,,,,,,,
17:50:51.844,2.36,51.844,,,,,,,,
17:50:51.914,2.37,51.914,,,,,,,,
17:50:51.950,2.37,51.95,,,,,,,,
17:50:51.986,2.37,51.986,,,,,,,,
17:50:52.061,2.36,52.061,,,,,,,,
17:50:52.096,2.36,52.096,,,,,,,,
17:50:52.130,2.36,52.13,,,,,,,,
17:50:52.198,2.36,52.198,,,,,,,,
17:50:52.236,2.36,52.236,,,,,,,,
17:50:52.304,2.36,52.304,,,,,,,,
17:50:52.343,2.37,52.343,,,,,,,,
17:50:52.414,2.36,52.414,,,,,,,,
17:50:52.447,2.37,52.447,,,,,,,,
17:50:52.514,2.37,52.514,,,,,,,,
17:50:52.552,2.37,52.552,,,,,,,,
17:50:52.586,2.37,52.586,,,,,,,,
17:50:52.653,2.37,52.653,,,,,,,,
17:50:52.686,2.36,52.686,,,,,,,,
17:50:52.753,2.36,52.753,,,,,,,,
17:50:52.786,2.35,52.786,,,,,,,,
17:50:52.859,2.35,52.859,,,,,,,,
17:50:52.895,2.35,52.895,,,,,,,,
17:50:52.963,2.35,52.963,,,,,,,,
17:50:53.000,2.34,53,,,,,,,,
17:50:53.038,2.35,53.038,,,,,,,,
17:50:53.109,2.35,53.109,,,,,,,,
17:50:53.143,2.36,53.143,,,,,,,,
17:50:53.214,2.36,53.214,,,,,,,,
17:50:53.252,2.37,53.252,,,,,,,,
17:50:53.286,2.38,53.286,,,,,,,,
17:50:53.360,2.38,53.36,,,,,,,,
17:50:53.395,2.38,53.395,,,,,,,,
17:50:53.464,2.38,53.464,,,,,,,,
17:50:53.502,2.39,53.502,,,,,,,,
17:50:53.535,2.39,53.535,,,,,,,,
17:50:53.603,2.39,53.603,,,,,,,,
17:50:53.641,2.39,53.641,,,,,,,,
17:50:53.707,2.39,53.707,,,,,,,,
17:50:53.746,2.39,53.746,,,,,,,,
17:50:53.816,2.39,53.816,,,,,,,,
17:50:53.849,2.39,53.849,,,,,,,,
17:50:53.887,2.37,53.887,,,,,,,,
17:50:53.956,2.36,53.956,,,,,,,,
17:50:53.990,2.35,53.99,,,,,,,,
17:50:54.061,2.34,54.061,,,,,,,,
17:50:54.095,2.34,54.095,,,,,,,,
17:50:54.164,2.34,54.164,,,,,,,,
17:50:54.198,2.33,54.198,,,,,,,,
17:50:54.236,2.33,54.236,,,,,,,,
17:50:54.304,2.32,54.304,,,,,,,,
17:50:54.340,2.32,54.34,,,,,,,,
17:50:54.414,2.31,54.414,,,,,,,,
17:50:54.447,2.31,54.447,,,,,,,,
17:50:54.484,2.31,54.484,,,,,,,,
17:50:54.556,2.3,54.556,,,,,,,,
17:50:54.591,2.3,54.591,,,,,,,,
17:50:54.664,2.3,54.664,,,,,,,,
17:50:54.697,2.31,54.697,,,,,,,,
17:50:54.735,2.32,54.735,,,,,,,,
17:50:54.803,2.32,54.803,,,,,,,,
17:50:54.837,2.33,54.837,,,,,,,,
17:50:54.903,2.33,54.903,,,,,,,,
17:50:54.939,2.33,54.939,,,,,,,,
17:50:55.014,2.33,55.014,,,,,,,,
17:50:55.047,2.33,55.047,,,,,,,,
17:50:55.115,2.34,55.115,,,,,,,,
17:50:55.153,2.35,55.153,,,,,,,,
17:50:55.186,2.36,55.186,,,,,,,,
17:50:55.253,2.37,55.253,,,,,,,,
17:50:55.286,2.37,55.286,,,,,,,,
17:50:55.354,2.38,55.354,,,,,,,,
17:50:55.388,2.38,55.388,,,,,,,,
17:50:55.460,2.38,55.46,,,,,,,,
17:50:55.496,2.38,55.496,,,,,,,,
17:50:55.566,2.36,55.566,,,,,,,,
17:50:55.604,2.36,55.604,,,,,,,,
17:50:55.638,2.35,55.638,,,,,,,,
17:50:55.706,2.35,55.706,,,,,,,,
17:50:55.741,2.35,55.741,,,,,,,,
17:50:55.817,2.34,55.817,,,,,,,,
17:50:55.851,2.34,55.851,,,,,,,,
17:50:55.887,2.34,55.887,,,,,,,,
17:50:55.958,2.34,55.958,,,,,,,,
17:50:55.992,2.33,55.992,,,,,,,,
17:50:56.063,2.33,56.063,,,,,,,,
17:50:56.097,2.33,56.097,,,,,,,,
17:50:56.131,2.33,56.131,,,,,,,,
17:50:56.201,2.33,56.201,,,,,,,,
17:50:56.237,2.33,56.237,,,,,,,,
17:50:56.308,2.32,56.308,,,,,,,,
17:50:56.346,2.31,56.346,,,,,,,,
17:50:56.414,2.31,56.414,,,,,,,,
17:50:56.451,2.3,56.451,,,,,,,,
17:50:56.487,2.3,56.487,,,,,,,,
17:50:56.556,2.3,56.556,,,,,,,,
17:50:56.589,2.3,56.589,,,,,,,,
17:50:56.657,2.3,56.657,,,,,,,,
17:50:56.691,2.31,56.691,,,,,,,,
17:50:56.757,2.31,56.757,,,,,,,,
17:50:56.791,2.32,56.791,,,,,,,,
17:50:56.859,2.32,56.859,,,,,,,,
17:50:56.892,2.32,56.892,,,,,,,,
17:50:56.966,2.32,56.966,,,,,,,,
17:50:57.003,2.32,57.003,,,,,,,,
17:50:57.037,2.33,57.037,,,,,,,,
17:50:57.109,2.33,57.109,,,,,,,,
17:50:57.144,2.33,57.144,,,,,,,,
17:50:57.215,2.33,57.215,,,,,,,,
17:50:57.248,2.33,57.248,,,,,,,,
17:50:57.286,2.34,57.286,,,,,,,,
17:50:57.358,2.34,57.358,,,,,,,,
17:50:57.392,2.34,57.392,,,,,,,,
17:50:57.464,2.35,57.464,,,,,,,,
17:50:57.498,2.34,57.498,,,,,,,,
17:50:57.532,2.34,57.532,,,,,,,,
17:50:57.601,2.33,57.601,,,,,,,,
17:50:57.637,2.32,57.637,,,,,,,,
17:50:57.704,2.32,57.704,,,,,,,,
17:50:57.740,2.32,57.74,,,,,,,,
17:50:57.809,2.32,57.809,,,,,,,,
17:50:57.845,2.31,57.845,,,,,,,,
17:50:57.916,2.33,57.916,,,,,,,,
17:50:57.952,2.35,57.952,,,,,,,,
17:50:57.986,2.36,57.986,,,,,,,,
17:50:58.057,2.37,58.057,,,,,,,,
17:50:58.090,2.37,58.09,,,,,,,,
17:50:58.157,2.37,58.157,,,,,,,,
17:50:58.191,2.38,58.191,,,,,,,,
17:50:58.259,2.38,58.259,,,,,,,,
17:50:58.294,2.36,58.294,,,,,,,,
17:50:58.361,2.35,58.361,,,,,,,,
17:50:58.395,2.34,58.395,,,,,,,,
17:50:58.572,2.33,58.572,,,,,,,,
17:50:58.608,2.32,58.608,,,,,,,,
17:50:58.608,2.32,58.608,,,,,,,,
17:50:58.608,2.32,58.608,,,,,,,,
17:50:58.646,2.31,58.646,,,,,,,,
17:50:58.715,2.34,58.715,,,,,,,,
17:50:58.749,2.35,58.749,,,,,,,,
17:50:58.817,2.37,58.817,,,,,,,,
17:50:58.851,2.37,58.851,,,,,,,,
17:50:58.887,2.38,58.887,,,,,,,,
17:50:58.954,2.39,58.954,,,,,,,,
17:50:58.993,2.39,58.993,,,,,,,,
17:50:59.065,2.39,59.065,,,,,,,,
17:50:59.099,2.37,59.099,,,,,,,,
17:50:59.134,2.35,59.134,,,,,,,,
17:50:59.202,2.34,59.202,,,,,,,,
17:50:59.236,2.34,59.236,,,,,,,,
17:50:59.304,2.33,59.304,,,,,,,,
17:50:59.341,2.33,59.341,,,,,,,,
17:50:59.412,2.32,59.412,,,,,,,,
17:50:59.449,2.32,59.449,,,,,,,,
17:50:59.516,2.32,59.516,,,,,,,,
17:50:59.549,2.31,59.549,,,,,,,,
17:50:59.586,2.31,59.586,,,,,,,,
17:50:59.653,2.31,59.653,,,,,,,,
17:50:59.719,2.31,59.719,,,,,,,,
17:50:59.753,2.31,59.753,,,,,,,,
17:50:59.787,2.32,59.787,,,,,,,,
17:50:59.854,2.32,59.854,,,,,,,,
17:50:59.887,2.34,59.887,,,,,,,,
17:50:59.953,2.34,59.953,,,,,,,,
17:50:59.987,2.35,59.987,,,,,,,,
17:51:00.056,2.35,60.056,,,,,,,,
17:51:00.093,2.36,60.093,,,,,,,,
17:51:00.162,2.36,60.162,,,,,,,,
17:51:00.196,2.36,60.196,,,,,,,,
17:51:00.263,2.36,60.263,,,,,,,,
17:51:00.296,2.35,60.296,,,,,,,,
17:51:00.364,2.36,60.364,,,,,,,,
17:51:00.402,2.35,60.402,,,,,,,,
17:51:00.440,2.36,60.44,,,,,,,,
17:51:00.513,2.36,60.513,,,,,,,,
17:51:00.549,2.35,60.549,,,,,,,,
17:51:00.583,2.35,60.583,,,,,,,,
17:51:00.654,2.35,60.654,,,,,,,,
17:51:00.688,2.35,60.688,,,,,,,,
17:51:00.758,2.35,60.758,,,,,,,,
17:51:00.794,2.35,60.794,,,,,,,,
17:51:00.861,2.35,60.861,,,,,,,,
17:51:00.899,2.35,60.899,,,,,,,,
17:51:00.970,2.35,60.97,,,,,,,,
17:51:01.006,2.35,61.006,,,,,,,,
17:51:01.039,2.35,61.039,,,,,,,,
17:51:01.106,2.34,61.106,,,,,,,,
17:51:01.142,2.35,61.142,,,,,,,,
17:51:01.213,2.34,61.213,,,,,,,,
17:51:01.247,2.34,61.247,,,,,,,,
17:51:01.314,2.34,61.314,,,,,,,,
17:51:01.348,2.34,61.348,,,,,,,,
17:51:01.416,2.34,61.416,,,,,,,,
17:51:01.450,2.34,61.45,,,,,,,,
17:51:01.484,2.32,61.484,,,,,,,,
17:51:01.553,2.31,61.553,,,,,,,,
17:51:01.589,2.3,61.589,,,,,,,,
17:51:01.660,2.3,61.66,,,,,,,,
17:51:01.694,2.3,61.694,,,,,,,,
17:51:01.766,2.3,61.766,,,,,,,,
17:51:01.803,2.31,61.803,,,,,,,,
17:51:01.839,2.31,61.839,,,,,,,,
17:51:01.909,2.31,61.909,,,,,,,,
17:51:01.944,2.31,61.944,,,,,,,,
17:51:02.014,2.31,62.014,,,,,,,,
17:51:02.047,2.31,62.047,,,,,,,,
17:51:02.114,2.31,62.114,,,,,,,,
17:51:02.148,2.31,62.148,,,,,,,,
17:51:02.217,2.31,62.217,,,,,,,,
17:51:02.253,2.31,62.253,,,,,,,,
17:51:02.286,2.33,62.286,,,,,,,,
17:51:02.354,2.35,62.354,,,,,,,,
17:51:02.388,2.36,62.388,,,,,,,,
17:51:02.458,2.37,62.458,,,,,,,,
17:51:02.493,2.38,62.493,,,,,,,,
17:51:02.560,2.38,62.56,,,,,,,,
17:51:02.594,2.38,62.594,,,,,,,,
17:51:02.665,2.39,62.665,,,,,,,,
17:51:02.698,2.37,62.698,,,,,,,,
17:51:02.773,2.36,62.773,,,,,,,,
17:51:02.807,2.36,62.807,,,,,,,,
17:51:02.841,2.35,62.841,,,,,,,,
17:51:02.908,2.35,62.908,,,,,,,,
17:51:02.945,2.35,62.945,,,,,,,,
17:51:03.016,2.34,63.016,,,,,,,,
17:51:03.052,2.34,63.052,,,,,,,,
17:51:03.089,2.35,63.089,,,,,,,,
17:51:03.158,2.34,63.158,,,,,,,,
17:51:03.192,2.35,63.192,,,,,,,,
17:51:03.265,2.35,63.265,,,,,,,,
17:51:03.301,2.34,63.301,,,,,,,,
17:51:03.335,2.34,63.335,,,,,,,,
17:51:03.402,2.35,63.402,,,,,,,,
17:51:03.474,2.35,63.474,,,,,,,,
17:51:03.508,2.33,63.508,,,,,,,,
17:51:03.543,2.31,63.543,,,,,,,,
17:51:03.613,2.31,63.613,,,,,,,,
17:51:03.646,2.3,63.646,,,,,,,,
17:51:03.713,2.3,63.713,,,,,,,,
17:51:03.751,2.3,63.751,,,,,,,,
17:51:03.819,2.3,63.819,,,,,,,,
17:51:03.852,2.3,63.852,,,,,,,,
17:51:03.888,2.3,63.888,,,,,,,,
17:51:03.960,2.31,63.96,,,,,,,,
17:51:03.994,2.31,63.994,,,,,,,,
17:51:04.060,2.31,64.06,,,,,,,,
17:51:04.095,2.32,64.095,,,,,,,,
17:51:04.166,2.32,64.166,,,,,,,,
17:51:04.203,2.32,64.203,,,,,,,,
17:51:04.237,2.32,64.237,,,,,,,,
17:51:04.309,2.33,64.309,,,,,,,,
17:51:04.346,2.34,64.346,,,,,,,,
17:51:04.415,2.35,64.415,,,,,,,,
17:51:04.448,2.35,64.448,,,,,,,,
17:51:04.518,2.36,64.518,,,,,,,,
17:51:04.553,2.36,64.553,,,,,,,,
17:51:04.619,2.36,64.619,,,,,,,,
17:51:04.652,2.36,64.652,,,,,,,,
17:51:04.690,2.37,64.69,,,,,,,,
17:51:04.761,2.37,64.761,,,,,,,,
17:51:04.794,2.37,64.794,,,,,,,,
17:51:04.865,2.37,64.865,,,,,,,,
17:51:04.902,2.37,64.902,,,,,,,,
17:51:04.971,2.37,64.971,,,,,,,,
17:51:05.005,2.37,65.005,,,,,,,,
17:51:05.039,2.37,65.039,,,,,,,,
17:51:05.105,2.37,65.105,,,,,,,,
17:51:05.143,2.37,65.143,,,,,,,,
17:51:05.213,2.37,65.213,,,,,,,,
17:51:05.250,2.37,65.25,,,,,,,,
17:51:05.321,2.37,65.321,,,,,,,,
17:51:05.355,2.37,65.355,,,,,,,,
17:51:05.388,2.37,65.388,,,,,,,,
17:51:05.460,2.37,65.46,,,,,,,,
17:51:05.498,2.36,65.498,,,,,,,,
17:51:05.567,2.36,65.567,,,,,,,,
17:51:05.600,2.36,65.6,,,,,,,,
17:51:05.669,2.36,65.669,,,,,,,,
17:51:05.703,2.35,65.703,,,,,,,,
17:51:05.736,2.35,65.736,,,,,,,,
17:51:05.804,2.35,65.804,,,,,,,,
17:51:05.838,2.35,65.838,,,,,,,,
17:51:05.912,2.34,65.912,,,,,,,,
17:51:05.947,2.34,65.947,,,,,,,,
17:51:06.015,2.33,66.015,,,,,,,,
17:51:06.052,2.34,66.052,,,,,,,,
17:51:06.121,2.34,66.121,,,,,,,,
17:51:06.154,2.34,66.154,,,,,,,,
17:51:06.188,2.34,66.188,,,,,,,,
17:51:06.254,2.35,66.254,,,,,,,,
17:51:06.321,2.37,66.321,,,,,,,,
17:51:06.357,2.38,66.357,,,,,,,,
17:51:06.391,2.39,66.391,,,,,,,,
17:51:06.463,2.39,66.463,,,,,,,,
17:51:06.497,2.39,66.497,,,,,,,,
17:51:06.570,2.39,66.57,,,,,,,,
17:51:06.608,2.39,66.608,,,,,,,,
17:51:06.641,2.39,66.641,,,,,,,,
17:51:06.708,2.39,66.708,,,,,,,,
17:51:06.746,2.39,66.746,,,,,,,,
17:51:06.816,2.39,66.816,,,,,,,,
17:51:06.854,2.38,66.854,,,,,,,,
17:51:06.887,2.39,66.887,,,,,,,,
17:51:06.959,2.38,66.959,,,,,,,,
17:51:06.992,2.39,66.992,,,,,,,,
17:51:07.062,2.38,67.062,,,,,,,,
17:51:07.097,2.38,67.097,,,,,,,,
17:51:07.170,2.38,67.17,,,,,,,,
17:51:07.203,2.37,67.203,,,,,,,,
17:51:07.269,2.37,67.269,,,,,,,,
17:51:07.302,2.37,67.302,,,,,,,,
17:51:07.369,2.37,67.369,,,,,,,,
17:51:07.405,2.37,67.405,,,,,,,,
17:51:07.473,2.37,67.473,,,,,,,,
17:51:07.507,2.36,67.507,,,,,,,,
17:51:07.541,2.35,67.541,,,,,,,,
17:51:07.612,2.35,67.612,,,,,,,,
17:51:07.646,2.34,67.646,,,,,,,,
17:51:07.714,2.34,67.714,,,,,,,,
17:51:07.751,2.34,67.751,,,,,,,,
17:51:07.819,2.34,67.819,,,,,,,,
17:51:07.855,2.34,67.855,,,,,,,,
17:51:07.891,2.33,67.891,,,,,,,,
17:51:07.957,2.32,67.957,,,,,,,,
17:51:07.991,2.32,67.991,,,,,,,,
17:51:08.062,2.32,68.062,,,,,,,,
17:51:08.099,2.32,68.099,,,,,,,,
17:51:08.169,2.33,68.169,,,,,,,,
17:51:08.202,2.33,68.202,,,,,,,,
17:51:08.271,2.34,68.271,,,,,,,,
17:51:08.304,2.34,68.304,,,,,,,,
17:51:08.340,2.35,68.34,,,,,,,,
17:51:08.415,2.36,68.415,,,,,,,,
17:51:08.448,2.36,68.448,,,,,,,,
17:51:08.515,2.36,68.515,,,,,,,,
17:51:08.548,2.37,68.548,,,,,,,,
17:51:08.615,2.37,68.615,,,,,,,,
17:51:08.652,2.36,68.652,,,,,,,,
17:51:08.721,2.36,68.721,,,,,,,,
17:51:08.756,2.35,68.756,,,,,,,,
17:51:08.823,2.35,68.823,,,,,,,,
17:51:08.858,2.34,68.858,,,,,,,,
17:51:08.896,2.34,68.896,,,,,,,,
17:51:08.963,2.34,68.963,,,,,,,,
17:51:08.997,2.34,68.997,,,,,,,,
17:51:09.066,2.34,69.066,,,,,,,,
17:51:09.101,2.33,69.101,,,,,,,,
17:51:09.171,2.33,69.171,,,,,,,,
17:51:09.204,2.33,69.204,,,,,,,,
17:51:09.238,2.32,69.238,,,,,,,,
17:51:09.305,2.32,69.305,,,,,,,,
17:51:09.371,2.32,69.371,,,,,,,,
17:51:09.409,2.32,69.409,,,,,,,,
17:51:09.451,2.32,69.451,,,,,,,,
17:51:09.513,2.33,69.513,,,,,,,,
17:51:09.547,2.33,69.547,,,,,,,,
17:51:09.615,2.33,69.615,,,,,,,,
17:51:09.649,2.33,69.649,,,,,,,,
17:51:09.717,2.34,69.717,,,,,,,,
17:51:09.755,2.34,69.755,,,,,,,,
17:51:09.821,2.33,69.821,,,,,,,,
17:51:09.859,2.33,69.859,,,,,,,,
17:51:09.893,2.33,69.893,,,,,,,,
17:51:09.960,2.33,69.96,,,,,,,,
17:51:09.993,2.32,69.993,,,,,,,,
17:51:10.063,2.32,70.063,,,,,,,,
17:51:10.098,2.32,70.098,,,,,,,,
17:51:10.170,2.33,70.17,,,,,,,,
17:51:10.204,2.33,70.204,,,,,,,,
17:51:10.276,2.34,70.276,,,,,,,,
17:51:10.314,2.34,70.314,,,,,,,,
17:51:10.352,2.34,70.352,,,,,,,,
17:51:10.421,2.34,70.421,,,,,,,,
17:51:10.455,2.34,70.455,,,,,,,,
17:51:10.523,2.34,70.523,,,,,,,,
17:51:10.556,2.34,70.556,,,,,,,,
17:51:10.592,2.35,70.592,,,,,,,,
17:51:10.659,2.34,70.659,,,,,,,,
17:51:10.692,2.35,70.692,,,,,,,,
17:51:10.762,2.34,70.762,,,,,,,,
17:51:10.798,2.33,70.798,,,,,,,,
17:51:10.869,2.33,70.869,,,,,,,,
17:51:10.903,2.33,70.903,,,,,,,,
17:51:10.971,2.34,70.971,,,,,,,,
17:51:11.005,2.33,71.005,,,,,,,,
17:51:11.071,2.33,71.071,,,,,,,,
17:51:11.108,2.33,71.108,,,,,,,,
17:51:11.147,2.33,71.147,,,,,,,,
17:51:11.215,2.33,71.215,,,,,,,,
17:51:11.249,2.33,71.249,,,,,,,,
17:51:11.321,2.32,71.321,,,,,,,,
17:51:11.355,2.33,71.355,,,,,,,,
17:51:11.422,2.32,71.422,,,,,,,,
17:51:11.455,2.32,71.455,,,,,,,,
17:51:11.492,2.33,71.492,,,,,,,,
17:51:11.564,2.33,71.564,,,,,,,,
17:51:11.598,2.33,71.598,,,,,,,,
17:51:11.664,2.33,71.664,,,,,,,,
17:51:11.697,2.33,71.697,,,,,,,,
17:51:11.767,2.33,71.767,,,,,,,,
17:51:11.802,2.33,71.802,,,,,,,,
17:51:11.872,2.32,71.872,,,,,,,,
17:51:11.905,2.33,71.905,,,,,,,,
17:51:11.971,2.34,71.971,,,,,,,,
17:51:12.007,2.34,72.007,,,,,,,,
17:51:12.040,2.34,72.04,,,,,,,,
17:51:12.112,2.35,72.112,,,,,,,,
17:51:12.148,2.34,72.148,,,,,,,,
17:51:12.217,2.34,72.217,,,,,,,,
17:51:12.254,2.34,72.254,,,,,,,,
17:51:12.322,2.35,72.322,,,,,,,,
17:51:12.356,2.34,72.356,,,,,,,,
17:51:12.424,2.35,72.424,,,,,,,,
17:51:12.482,2.35,72.482,,,,,,,,
17:51:12.500,2.35,72.5,,,,,,,,
17:51:12.567,2.35,72.567,,,,,,,,
17:51:12.602,2.36,72.602,,,,,,,,
17:51:12.672,2.36,72.672,,,,,,,,
17:51:12.705,2.35,72.705,,,,,,,,
17:51:12.772,2.35,72.772,,,,,,,,
17:51:12.809,2.34,72.809,,,,,,,,
17:51:12.847,2.34,72.847,,,,,,,,
17:51:12.913,2.34,72.913,,,,,,,,
17:51:12.947,2.33,72.947,,,,,,,,
17:51:13.018,2.33,73.018,,,,,,,,
17:51:13.055,2.33,73.055,,,,,,,,
17:51:13.125,2.34,73.125,,,,,,,,
17:51:13.162,2.34,73.162,,,,,,,,
17:51:13.197,2.34,73.197,,,,,,,,
17:51:13.268,2.35,73.268,,,,,,,,
17:51:13.306,2.35,73.306,,,,,,,,
17:51:13.376,2.34,73.376,,,,,,,,
17:51:13.413,2.34,73.413,,,,,,,,
17:51:13.447,2.34,73.447,,,,,,,,
17:51:13.522,2.34,73.522,,,,,,,,
17:51:13.555,2.33,73.555,,,,,,,,
17:51:13.627,2.33,73.627,,,,,,,,
17:51:13.664,2.33,73.664,,,,,,,,
17:51:13.698,2.32,73.698,,,,,,,,
17:51:13.769,2.32,73.769,,,,,,,,
17:51:13.807,2.32,73.807,,,,,,,,
17:51:13.878,2.32,73.878,,,,,,,,
17:51:13.916,2.33,73.916,,,,,,,,
17:51:13.950,2.33,73.95,,,,,,,,
17:51:14.020,2.33,74.02,,,,,,,,
17:51:14.056,2.33,74.056,,,,,,,,
17:51:14.091,2.33,74.091,,,,,,,,
17:51:14.165,2.33,74.165,,,,,,,,
17:51:14.201,2.33,74.201,,,,,,,,
17:51:14.268,2.33,74.268,,,,,,,,
17:51:14.301,2.32,74.301,,,,,,,,
17:51:14.373,2.32,74.373,,,,,,,,
17:51:14.410,2.32,74.41,,,,,,,,
17:51:14.445,2.32,74.445,,,,,,,,
17:51:14.513,2.32,74.513,,,,,,,,
17:51:14.549,2.31,74.549,,,,,,,,
17:51:14.617,2.31,74.617,,,,,,,,
17:51:14.650,2.32,74.65,,,,,,,,
17:51:14.720,2.31,74.72,,,,,,,,
17:51:14.755,2.32,74.755,,,,,,,,
17:51:14.822,2.32,74.822,,,,,,,,
17:51:14.855,2.32,74.855,,,,,,,,
17:51:14.925,2.33,74.925,,,,,,,,
17:51:14.958,2.33,74.958,,,,,,,,
17:51:15.025,2.33,75.025,,,,,,,,
17:51:15.063,2.33,75.063,,,,,,,,
17:51:15.101,2.33,75.101,,,,,,,,
17:51:15.167,2.33,75.167,,,,,,,,
17:51:15.204,2.32,75.204,,,,,,,,
17:51:15.241,2.32,75.241,,,,,,,,
17:51:15.313,2.32,75.313,,,,,,,,
17:51:15.347,2.32,75.347,,,,,,,,
17:51:15.418,2.32,75.418,,,,,,,,
17:51:15.456,2.33,75.456,,,,,,,,
17:51:15.529,2.36,75.529,,,,,,,,
17:51:15.564,2.39,75.564,,,,,,,,
17:51:15.600,2.41,75.6,,,,,,,,
17:51:15.667,2.41,75.667,,,,,,,,
17:51:15.701,2.42,75.701,,,,,,,,
17:51:15.772,2.42,75.772,,,,,,,,
17:51:15.805,2.42,75.805,,,,,,,,
17:51:15.877,2.41,75.877,,,,,,,,
17:51:15.912,2.38,75.912,,,,,,,,
17:51:15.948,2.35,75.948,,,,,,,,
17:51:16.016,2.34,76.016,,,,,,,,
17:51:16.049,2.33,76.049,,,,,,,,
17:51:16.122,2.31,76.122,,,,,,,,
17:51:16.156,2.31,76.156,,,,,,,,
17:51:16.222,2.3,76.222,,,,,,,,
17:51:16.260,2.3,76.26,,,,,,,,
17:51:16.294,2.3,76.294,,,,,,,,
17:51:16.367,2.3,76.367,,,,,,,,
17:51:16.405,2.29,76.405,,,,,,,,
17:51:16.472,2.29,76.472,,,,,,,,
17:51:16.506,2.3,76.506,,,,,,,,
17:51:16.572,2.29,76.572,,,,,,,,
17:51:16.606,2.29,76.606,,,,,,,,
17:51:16.675,2.3,76.675,,,,,,,,
17:51:16.712,2.31,76.712,,,,,,,,
17:51:16.750,2.32,76.75,,,,,,,,
17:51:16.821,2.33,76.821,,,,,,,,
17:51:16.858,2.34,76.858,,,,,,,,
17:51:16.892,2.35,76.892,,,,,,,,
17:51:16.963,2.35,76.963,,,,,,,,
17:51:16.999,2.36,76.999,,,,,,,,
17:51:17.066,2.35,77.066,,,,,,,,
17:51:17.100,2.34,77.1,,,,,,,,
17:51:17.170,2.33,77.17,,,,,,,,
17:51:17.208,2.33,77.208,,,,,,,,
17:51:17.276,2.32,77.276,,,,,,,,
17:51:17.313,2.32,77.313,,,,,,,,
17:51:17.346,2.31,77.346,,,,,,,,
17:51:17.416,2.31,77.416,,,,,,,,
17:51:17.452,2.32,77.452,,,,,,,,
17:51:17.519,2.34,77.519,,,,,,,,
17:51:17.554,2.34,77.554,,,,,,,,
17:51:17.625,2.35,77.625,,,,,,,,
17:51:17.663,2.36,77.663,,,,,,,,
17:51:17.696,2.36,77.696,,,,,,,,
17:51:17.769,2.36,77.769,,,,,,,,
17:51:17.802,2.37,77.802,,,,,,,,
17:51:17.875,2.36,77.875,,,,,,,,
17:51:17.912,2.36,77.912,,,,,,,,
17:51:17.950,2.36,77.95,,,,,,,,
17:51:18.021,2.35,78.021,,,,,,,,
17:51:18.054,2.35,78.054,,,,,,,,
17:51:18.127,2.35,78.127,,,,,,,,
17:51:18.161,2.35,78.161,,,,,,,,
17:51:18.200,2.35,78.2,,,,,,,,
17:51:18.267,2.34,78.267,,,,,,,,
17:51:18.301,2.32,78.301,,,,,,,,
17:51:18.369,2.32,78.369,,,,,,,,
17:51:18.403,2.31,78.403,,,,,,,,
17:51:18.479,2.3,78.479,,,,,,,,
17:51:18.517,2.3,78.517,,,,,,,,
17:51:18.550,2.3,78.55,,,,,,,,
17:51:18.622,2.3,78.622,,,,,,,,
17:51:18.658,2.3,78.658,,,,,,,,
17:51:18.732,2.29,78.732,,,,,,,,
17:51:18.767,2.3,78.767,,,,,,,,
17:51:18.800,2.29,78.8,,,,,,,,
17:51:18.869,2.3,78.869,,,,,,,,
17:51:18.903,2.31,78.903,,,,,,,,
17:51:18.974,2.31,78.974,,,,,,,,
17:51:19.009,2.31,79.009,,,,,,,,
17:51:19.047,2.31,79.047,,,,,,,,
17:51:19.119,2.32,79.119,,,,,,,,
17:51:19.152,2.33,79.152,,,,,,,,
17:51:19.220,2.33,79.22,,,,,,,,
17:51:19.257,2.33,79.257,,,,,,,,
17:51:19.295,2.33,79.295,,,,,,,,
17:51:19.362,2.33,79.362,,,,,,,,
17:51:19.396,2.33,79.396,,,,,,,,
17:51:19.468,2.35,79.468,,,,,,,,
17:51:19.506,2.36,79.506,,,,,,,,
17:51:19.580,2.38,79.58,,,,,,,,
17:51:19.618,2.39,79.618,,,,,,,,
17:51:19.652,2.39,79.652,,,,,,,,
17:51:19.719,2.4,79.719,,,,,,,,
17:51:19.757,2.4,79.757,,,,,,,,
17:51:19.829,2.4,79.829,,,,,,,,
17:51:19.863,2.39,79.863,,,,,,,,
17:51:19.898,2.38,79.898,,,,,,,,
17:51:19.968,2.37,79.968,,,,,,,,
17:51:20.002,2.36,80.002,,,,,,,,
17:51:20.075,2.35,80.075,,,,,,,,
17:51:20.112,2.35,80.112,,,,,,,,
17:51:20.146,2.34,80.146,,,,,,,,
17:51:20.218,2.34,80.218,,,,,,,,
17:51:20.253,2.34,80.253,,,,,,,,
17:51:20.325,2.35,80.325,,,,,,,,
17:51:20.361,2.36,80.361,,,,,,,,
17:51:20.397,2.36,80.397,,,,,,,,
17:51:20.468,2.36,80.468,,,,,,,,
17:51:20.502,2.36,80.502,,,,,,,,
17:51:20.573,2.37,80.573,,,,,,,,
17:51:20.606,2.38,80.606,,,,,,,,
17:51:20.673,2.38,80.673,,,,,,,,
17:51:20.706,2.38,80.706,,,,,,,,
17:51:20.777,2.39,80.777,,,,,,,,
17:51:20.813,2.38,80.813,,,,,,,,
17:51:20.851,2.39,80.851,,,,,,,,
17:51:20.923,2.38,80.923,,,,,,,,
17:51:20.961,2.39,80.961,,,,,,,,
17:51:20.999,2.38,80.999,,,,,,,,
17:51:21.074,2.38,81.074,,,,,,,,
17:51:21.112,2.37,81.112,,,,,,,,
17:51:21.150,2.37,81.15,,,,,,,,
17:51:21.218,2.37,81.218,,,,,,,,
17:51:21.251,2.37,81.251,,,,,,,,
17:51:21.323,2.36,81.323,,,,,,,,
17:51:21.356,2.36,81.356,,,,,,,,
17:51:21.423,2.36,81.423,,,,,,,,
17:51:21.457,2.35,81.457,,,,,,,,
17:51:21.532,2.32,81.532,,,,,,,,
17:51:21.565,2.31,81.565,,,,,,,,
17:51:21.600,2.3,81.6,,,,,,,,
17:51:21.667,2.29,81.667,,,,,,,,
17:51:21.700,2.28,81.7,,,,,,,,
17:51:21.769,2.28,81.769,,,,,,,,
17:51:21.803,2.27,81.803,,,,,,,,
17:51:21.874,2.28,81.874,,,,,,,,
17:51:21.909,2.29,81.909,,,,,,,,
17:51:21.979,2.31,81.979,,,,,,,,
17:51:22.017,2.31,82.017,,,,,,,,
17:51:22.051,2.31,82.051,,,,,,,,
17:51:22.117,2.32,82.117,,,,,,,,
17:51:22.152,2.32,82.152,,,,,,,,
17:51:22.221,2.32,82.221,,,,,,,,
17:51:22.255,2.33,82.255,,,,,,,,
17:51:22.323,2.34,82.323,,,,,,,,
17:51:22.356,2.35,82.356,,,,,,,,
17:51:22.430,2.35,82.43,,,,,,,,
17:51:22.464,2.35,82.464,,,,,,,,
17:51:22.498,2.36,82.498,,,,,,,,
17:51:22.570,2.37,82.57,,,,,,,,
17:51:22.603,2.37,82.603,,,,,,,,
17:51:22.672,2.38,82.672,,,,,,,,
17:51:22.706,2.37,82.706,,,,,,,,
17:51:22.773,2.37,82.773,,,,,,,,
17:51:22.806,2.37,82.806,,,,,,,,
17:51:22.879,2.37,82.879,,,,,,,,
17:51:22.912,2.37,82.912,,,,,,,,
17:51:22.950,2.37,82.95,,,,,,,,
17:51:23.018,2.37,83.018,,,,,,,,
17:51:23.052,2.37,83.052,,,,,,,,
17:51:23.121,2.37,83.121,,,,,,,,
17:51:23.156,2.37,83.156,,,,,,,,
17:51:23.223,2.37,83.223,,,,,,,,
17:51:23.256,2.37,83.256,,,,,,,,
17:51:23.328,2.37,83.328,,,,,,,,
17:51:23.363,2.37,83.363,,,,,,,,
17:51:23.397,2.37,83.397,,,,,,,,
17:51:23.468,2.37,83.468,,,,,,,,
17:51:23.502,2.36,83.502,,,,,,,,
17:51:23.573,2.36,83.573,,,,,,,,
17:51:23.607,2.36,83.607,,,,,,,,
17:51:23.676,2.35,83.676,,,,,,,,
17:51:23.712,2.35,83.712,,,,,,,,
17:51:23.781,2.35,83.781,,,,,,,,
17:51:23.816,2.35,83.816,,,,,,,,
17:51:23.852,2.36,83.852,,,,,,,,
17:51:23.923,2.37,83.923,,,,,,,,
17:51:23.956,2.37,83.956,,,,,,,,
17:51:24.026,2.38,84.026,,,,,,,,
17:51:24.059,2.38,84.059,,,,,,,,
17:51:24.126,2.38,84.126,,,,,,,,
17:51:24.161,2.38,84.161,,,,,,,,
17:51:24.229,2.39,84.229,,,,,,,,
17:51:24.263,2.36,84.263,,,,,,,,
17:51:24.332,2.32,84.332,,,,,,,,
17:51:24.368,2.29,84.368,,,,,,,,
17:51:24.405,2.28,84.405,,,,,,,,
17:51:24.474,2.27,84.474,,,,,,,,
17:51:24.508,2.27,84.508,,,,,,,,
17:51:24.579,2.27,84.579,,,,,,,,
17:51:24.615,2.27,84.615,,,,,,,,
17:51:24.649,2.28,84.649,,,,,,,,
17:51:24.719,2.3,84.719,,,,,,,,
17:51:24.752,2.31,84.752,,,,,,,,
17:51:24.823,2.32,84.823,,,,,,,,
17:51:24.860,2.32,84.86,,,,,,,,
17:51:24.928,2.33,84.928,,,,,,,,
17:51:24.964,2.32,84.964,,,,,,,,
17:51:24.998,2.32,84.998,,,,,,,,
17:51:25.071,2.34,85.071,,,,,,,,
17:51:25.106,2.37,85.106,,,,,,,,
17:51:25.173,2.39,85.173,,,,,,,,
17:51:25.208,2.39,85.208,,,,,,,,
17:51:25.280,2.4,85.28,,,,,,,,
17:51:25.316,2.41,85.316,,,,,,,,
17:51:25.350,2.41,85.35,,,,,,,,
17:51:25.418,2.41,85.418,,,,,,,,
17:51:25.454,2.4,85.454,,,,,,,,
17:51:25.528,2.39,85.528,,,,,,,,
17:51:25.565,2.37,85.565,,,,,,,,
17:51:25.602,2.36,85.602,,,,,,,,
17:51:25.668,2.36,85.668,,,,,,,,
17:51:25.703,2.35,85.703,,,,,,,,
17:51:25.775,2.35,85.775,,,,,,,,
17:51:25.812,2.34,85.812,,,,,,,,
17:51:25.847,2.34,85.847,,,,,,,,
17:51:25.918,2.34,85.918,,,,,,,,
17:51:25.955,2.33,85.955,,,,,,,,
17:51:26.023,2.33,86.023,,,,,,,,
17:51:26.061,2.32,86.061,,,,,,,,
17:51:26.129,2.32,86.129,,,,,,,,
17:51:26.164,2.32,86.164,,,,,,,,
17:51:26.232,2.31,86.232,,,,,,,,
17:51:26.266,2.33,86.266,,,,,,,,
17:51:26.300,2.34,86.3,,,,,,,,
17:51:26.373,2.35,86.373,,,,,,,,
17:51:26.407,2.36,86.407,,,,,,,,
17:51:26.475,2.37,86.475,,,,,,,,
17:51:26.510,2.38,86.51,,,,,,,,
17:51:26.582,2.39,86.582,,,,,,,,
17:51:26.618,2.39,86.618,,,,,,,,
17:51:26.654,2.39,86.654,,,,,,,,
17:51:26.727,2.38,86.727,,,,,,,,
17:51:26.765,2.37,86.765,,,,,,,,
17:51:26.836,2.37,86.836,,,,,,,,
17:51:26.873,2.37,86.873,,,,,,,,
17:51:26.906,2.36,86.906,,,,,,,,
17:51:26.973,2.36,86.973,,,,,,,,
17:51:27.007,2.35,87.007,,,,,,,,
17:51:27.074,2.34,87.074,,,,,,,,
17:51:27.112,2.34,87.112,,,,,,,,
17:51:27.179,2.33,87.179,,,,,,,,
17:51:27.212,2.32,87.212,,,,,,,,
17:51:27.283,2.32,87.283,,,,,,,,
17:51:27.320,2.32,87.32,,,,,,,,
17:51:27.354,2.32,87.354,,,,,,,,
17:51:27.422,2.32,87.422,,,,,,,,
17:51:27.456,2.33,87.456,,,,,,,,
17:51:27.528,2.35,87.528,,,,,,,,
17:51:27.565,2.37,87.565,,,,,,,,
17:51:27.598,2.38,87.598,,,,,,,,
17:51:27.669,2.38,87.669,,,,,,,,
17:51:27.703,2.39,87.703,,,,,,,,
17:51:27.774,2.39,87.774,,,,,,,,
17:51:27.811,2.39,87.811,,,,,,,,
17:51:27.879,2.37,87.879,,,,,,,,
17:51:27.913,2.36,87.913,,,,,,,,
17:51:27.951,2.35,87.951,,,,,,,,
17:51:28.023,2.34,88.023,,,,,,,,
17:51:28.061,2.33,88.061,,,,,,,,
17:51:28.132,2.33,88.132,,,,,,,,
17:51:28.170,2.32,88.17,,,,,,,,
17:51:28.206,2.32,88.206,,,,,,,,
17:51:28.278,2.31,88.278,,,,,,,,
17:51:28.312,2.3,88.312,,,,,,,,
17:51:28.380,2.29,88.38,,,,,,,,
17:51:28.414,2.29,88.414,,,,,,,,
17:51:28.480,2.29,88.48,,,,,,,,
17:51:28.515,2.3,88.515,,,,,,,,
17:51:28.551,2.3,88.551,,,,,,,,
17:51:28.621,2.3,88.621,,,,,,,,
17:51:28.659,2.32,88.659,,,,,,,,
17:51:28.725,2.34,88.725,,,,,,,,
17:51:28.761,2.36,88.761,,,,,,,,
17:51:28.834,2.37,88.834,,,,,,,,
17:51:28.868,2.37,88.868,,,,,,,,
17:51:28.907,2.38,88.907,,,,,,,,
17:51:28.976,2.38,88.976,,,,,,,,
17:51:29.009,2.38,89.009,,,,,,,,
17:51:29.081,2.38,89.081,,,,,,,,
17:51:29.116,2.39,89.116,,,,,,,,
17:51:29.151,2.39,89.151,,,,,,,,
17:51:29.218,2.39,89.218,,,,,,,,
17:51:29.256,2.39,89.256,,,,,,,,
17:51:29.324,2.39,89.324,,,,,,,,
17:51:29.357,2.39,89.357,,,,,,,,
17:51:29.424,2.39,89.424,,,,,,,,
17:51:29.457,2.39,89.457,,,,,,,,
17:51:29.525,2.39,89.525,,,,,,,,
17:51:29.563,2.39,89.563,,,,,,,,
17:51:29.634,2.39,89.634,,,,,,,,
17:51:29.672,2.38,89.672,,,,,,,,
17:51:29.706,2.38,89.706,,,,,,,,
17:51:29.777,2.38,89.777,,,,,,,,
17:51:29.815,2.38,89.815,,,,,,,,
17:51:29.883,2.37,89.883,,,,,,,,
17:51:29.917,2.35,89.917,,,,,,,,
17:51:29.951,2.34,89.951,,,,,,,,
17:51:30.022,2.33,90.022,,,,,,,,
17:51:30.060,2.32,90.06,,,,,,,,
17:51:30.134,2.32,90.134,,,,,,,,
17:51:30.168,2.32,90.168,,,,,,,,
17:51:30.202,2.32,90.202,,,,,,,,
17:51:30.274,2.31,90.274,,,,,,,,
17:51:30.312,2.3,90.312,,,,,,,,
17:51:30.384,2.3,90.384,,,,,,,,
17:51:30.418,2.29,90.418,,,,,,,,
17:51:30.453,2.29,90.453,,,,,,,,
17:51:30.527,2.3,90.527,,,,,,,,
17:51:30.561,2.3,90.561,,,,,,,,
17:51:30.635,2.3,90.635,,,,,,,,
17:51:30.670,2.3,90.67,,,,,,,,
17:51:30.703,2.3,90.703,,,,,,,,
17:51:30.776,2.3,90.776,,,,,,,,
17:51:30.812,2.31,90.812,,,,,,,,
17:51:30.882,2.31,90.882,,,,,,,,
17:51:30.916,2.31,90.916,,,,,,,,
17:51:30.954,2.31,90.954,,,,,,,,
17:51:31.021,2.31,91.021,,,,,,,,
17:51:31.058,2.33,91.058,,,,,,,,
17:51:31.133,2.34,91.133,,,,,,,,
17:51:31.168,2.36,91.168,,,,,,,,
17:51:31.205,2.36,91.205,,,,,,,,
17:51:31.276,2.37,91.276,,,,,,,,
17:51:31.312,2.37,91.312,,,,,,,,
17:51:31.386,2.37,91.386,,,,,,,,
17:51:31.419,2.38,91.419,,,,,,,,
17:51:31.456,2.37,91.456,,,,,,,,
17:51:31.524,2.35,91.524,,,,,,,,
17:51:31.559,2.34,91.559,,,,,,,,
17:51:31.633,2.34,91.633,,,,,,,,
17:51:31.667,2.33,91.667,,,,,,,,
17:51:31.703,2.33,91.703,,,,,,,,
17:51:31.774,2.33,91.774,,,,,,,,
17:51:31.811,2.33,91.811,,,,,,,,
17:51:31.882,2.33,91.882,,,,,,,,
17:51:31.919,2.33,91.919,,,,,,,,
17:51:31.953,2.34,91.953,,,,,,,,
17:51:32.025,2.34,92.025,,,,,,,,
17:51:32.062,2.34,92.062,,,,,,,,
17:51:32.099,2.34,92.099,,,,,,,,
17:51:32.172,2.34,92.172,,,,,,,,
17:51:32.207,2.34,92.207,,,,,,,,
17:51:32.275,2.33,92.275,,,,,,,,
17:51:32.312,2.33,92.312,,,,,,,,
17:51:32.350,2.32,92.35,,,,,,,,
17:51:32.421,2.32,92.421,,,,,,,,
17:51:32.458,2.32,92.458,,,,,,,,
17:51:32.528,2.32,92.528,,,,,,,,
17:51:32.563,2.32,92.563,,,,,,,,
17:51:32.633,2.32,92.633,,,,,,,,
17:51:32.670,2.32,92.67,,,,,,,,
17:51:32.704,2.32,92.704,,,,,,,,
17:51:32.774,2.32,92.774,,,,,,,,
17:51:32.811,2.32,92.811,,,,,,,,
17:51:32.886,2.32,92.886,,,,,,,,
17:51:32.922,2.33,92.922,,,,,,,,
17:51:32.958,2.32,92.958,,,,,,,,
17:51:33.031,2.32,93.031,,,,,,,,
17:51:33.065,2.34,93.065,,,,,,,,
17:51:33.132,2.36,93.132,,,,,,,,
17:51:33.168,2.37,93.168,,,,,,,,
17:51:33.207,2.38,93.207,,,,,,,,
17:51:33.275,2.38,93.275,,,,,,,,
17:51:33.312,2.38,93.312,,,,,,,,
17:51:33.383,2.38,93.383,,,,,,,,
17:51:33.416,2.39,93.416,,,,,,,,
17:51:33.483,2.38,93.483,,,,,,,,
17:51:33.520,2.37,93.52,,,,,,,,
17:51:33.557,2.36,93.557,,,,,,,,
17:51:33.626,2.36,93.626,,,,,,,,
17:51:33.660,2.36,93.66,,,,,,,,
17:51:33.733,2.35,93.733,,,,,,,,
17:51:33.767,2.35,93.767,,,,,,,,
17:51:33.805,2.35,93.805,,,,,,,,
17:51:33.876,2.35,93.876,,,,,,,,
17:51:33.912,2.35,93.912,,,,,,,,
17:51:33.985,2.34,93.985,,,,,,,,
17:51:34.020,2.34,94.02,,,,,,,,
17:51:34.058,2.34,94.058,,,,,,,,
17:51:34.133,2.34,94.133,,,,,,,,
17:51:34.170,2.34,94.17,,,,,,,,
17:51:34.208,2.34,94.208,,,,,,,,
17:51:34.277,2.33,94.277,,,,,,,,
17:51:34.311,2.32,94.311,,,,,,,,
17:51:34.385,2.31,94.385,,,,,,,,
17:51:34.418,2.32,94.418,,,,,,,,
17:51:34.456,2.32,94.456,,,,,,,,
17:51:34.524,2.33,94.524,,,,,,,,
17:51:34.558,2.33,94.558,,,,,,,,
17:51:34.627,2.33,94.627,,,,,,,,
17:51:34.665,2.34,94.665,,,,,,,,
17:51:34.702,2.35,94.702,,,,,,,,
17:51:34.770,2.35,94.77,,,,,,,,
17:51:34.804,2.35,94.804,,,,,,,,
17:51:34.874,2.35,94.874,,,,,,,,
17:51:34.912,2.35,94.912,,,,,,,,
17:51:34.987,2.35,94.987,,,,,,,,
17:51:35.020,2.35,95.02,,,,,,,,
17:51:35.054,2.34,95.054,,,,,,,,
17:51:35.124,2.34,95.124,,,,,,,,
17:51:35.157,2.34,95.157,,,,,,,,
17:51:35.224,2.34,95.224,,,,,,,,
17:51:35.258,2.34,95.258,,,,,,,,
17:51:35.325,2.34,95.325,,,,,,,,
17:51:35.359,2.34,95.359,,,,,,,,
17:51:35.426,2.33,95.426,,,,,,,,
17:51:35.460,2.33,95.46,,,,,,,,
17:51:35.529,2.33,95.529,,,,,,,,
17:51:35.562,2.33,95.562,,,,,,,,
17:51:35.629,2.32,95.629,,,,,,,,
17:51:35.667,2.32,95.667,,,,,,,,
17:51:35.736,2.32,95.736,,,,,,,,
17:51:35.771,2.31,95.771,,,,,,,,
17:51:35.805,2.31,95.805,,,,,,,,
17:51:35.875,2.3,95.875,,,,,,,,
17:51:35.912,2.29,95.912,,,,,,,,
17:51:35.981,2.29,95.981,,,,,,,,
17:51:36.018,2.28,96.018,,,,,,,,
17:51:36.053,2.28,96.053,,,,,,,,
17:51:36.119,2.27,96.119,,,,,,,,
17:51:36.155,2.27,96.155,,,,,,,,
17:51:36.225,2.27,96.225,,,,,,,,
17:51:36.259,2.29,96.259,,,,,,,,
17:51:36.330,2.31,96.33,,,,,,,,
17:51:36.365,2.33,96.365,,,,,,,,
17:51:36.439,2.33,96.439,,,,,,,,
17:51:36.476,2.35,96.476,,,,,,,,
17:51:36.513,2.36,96.513,,,,,,,,
17:51:36.583,2.36,96.583,,,,,,,,
17:51:36.620,2.36,96.62,,,,,,,,
17:51:36.691,2.36,96.691,,,,,,,,
17:51:36.729,2.36,96.729,,,,,,,,
17:51:36.762,2.36,96.762,,,,,,,,
17:51:36.832,2.35,96.832,,,,,,,,
17:51:36.869,2.35,96.869,,,,,,,,
17:51:36.938,2.35,96.938,,,,,,,,
17:51:36.972,2.35,96.972,,,,,,,,
17:51:37.005,2.35,97.005,,,,,,,,
17:51:37.077,2.34,97.077,,,,,,,,
17:51:37.114,2.33,97.114,,,,,,,,
17:51:37.183,2.33,97.183,,,,,,,,
17:51:37.219,2.32,97.219,,,,,,,,
17:51:37.254,2.32,97.254,,,,,,,,
17:51:37.327,2.31,97.327,,,,,,,,
17:51:37.365,2.31,97.365,,,,,,,,
17:51:37.434,2.31,97.434,,,,,,,,
17:51:37.486,2.32,97.486,,,,,,,,
17:51:37.510,2.33,97.51,,,,,,,,
17:51:37.560,2.34,97.56,,,,,,,,
17:51:37.628,2.35,97.628,,,,,,,,
17:51:37.661,2.35,97.661,,,,,,,,
17:51:37.733,2.35,97.733,,,,,,,,
17:51:37.767,2.35,97.767,,,,,,,,
17:51:37.805,2.35,97.805,,,,,,,,
17:51:37.874,2.35,97.874,,,,,,,,
17:51:37.912,2.35,97.912,,,,,,,,
17:51:37.979,2.35,97.979,,,,,,,,
17:51:38.013,2.34,98.013,,,,,,,,
17:51:38.079,2.35,98.079,,,,,,,,
17:51:38.113,2.35,98.113,,,,,,,,
17:51:38.183,2.36,98.183,,,,,,,,
17:51:38.216,2.36,98.216,,,,,,,,
17:51:38.283,2.38,98.283,,,,,,,,
17:51:38.320,2.39,98.32,,,,,,,,
17:51:38.357,2.4,98.357,,,,,,,,
17:51:38.427,2.41,98.427,,,,,,,,
17:51:38.463,2.41,98.463,,,,,,,,
17:51:38.532,2.41,98.532,,,,,,,,
17:51:38.565,2.41,98.565,,,,,,,,
17:51:38.639,2.41,98.639,,,,,,,,
17:51:38.676,2.4,98.676,,,,,,,,
17:51:38.709,2.39,98.709,,,,,,,,
17:51:38.776,2.38,98.776,,,,,,,,
17:51:38.810,2.37,98.81,,,,,,,,
17:51:38.878,2.37,98.878,,,,,,,,
17:51:38.913,2.36,98.913,,,,,,,,
17:51:38.980,2.36,98.98,,,,,,,,
17:51:39.013,2.36,99.013,,,,,,,,
17:51:39.081,2.34,99.081,,,,,,,,
17:51:39.115,2.33,99.115,,,,,,,,
17:51:39.185,2.33,99.185,,,,,,,,
17:51:39.219,2.33,99.219,,,,,,,,
17:51:39.256,2.32,99.256,,,,,,,,
17:51:39.325,2.32,99.325,,,,,,,,
17:51:39.358,2.31,99.358,,,,,,,,
17:51:39.429,2.31,99.429,,,,,,,,
17:51:39.463,2.31,99.463,,,,,,,,
17:51:39.530,2.31,99.53,,,,,,,,
17:51:39.567,2.31,99.567,,,,,,,,
17:51:39.636,2.31,99.636,,,,,,,,
17:51:39.669,2.31,99.669,,,,,,,,
17:51:39.707,2.31,99.707,,,,,,,,
17:51:39.778,2.31,99.778,,,,,,,,
17:51:39.812,2.31,99.812,,,,,,,,
17:51:39.883,2.31,99.883,,,,,,,,
17:51:39.919,2.31,99.919,,,,,,,,
17:51:39.988,2.31,99.988,,,,,,,,
17:51:40.023,2.31,100.023,,,,,,,,
17:51:40.058,2.32,100.058,,,,,,,,
17:51:40.130,2.32,100.13,,,,,,,,
17:51:40.164,2.33,100.164,,,,,,,,
17:51:40.230,2.33,100.23,,,,,,,,
17:51:40.263,2.35,100.263,,,,,,,,
17:51:40.330,2.36,100.33,,,,,,,,
17:51:40.363,2.36,100.363,,,,,,,,
17:51:40.430,2.36,100.43,,,,,,,,
17:51:40.463,2.36,100.463,,,,,,,,
17:51:40.533,2.37,100.533,,,,,,,,
17:51:40.567,2.37,100.567,,,,,,,,
17:51:40.638,2.37,100.638,,,,,,,,
17:51:40.671,2.37,100.671,,,,,,,,
17:51:40.705,2.36,100.705,,,,,,,,
17:51:40.772,2.36,100.772,,,,,,,,
17:51:40.808,2.36,100.808,,,,,,,,
17:51:40.877,2.36,100.877,,,,,,,,
17:51:40.913,2.36,100.913,,,,,,,,
17:51:40.984,2.36,100.984,,,,,,,,
17:51:41.017,2.36,101.017,,,,,,,,
17:51:41.083,2.34,101.083,,,,,,,,
17:51:41.116,2.33,101.116,,,,,,,,
17:51:41.188,2.32,101.188,,,,,,,,
17:51:41.224,2.31,101.224,,,,,,,,
17:51:41.262,2.31,101.262,,,,,,,,
17:51:41.333,2.31,101.333,,,,,,,,
17:51:41.367,2.3,101.367,,,,,,,,
17:51:41.437,2.3,101.437,,,,,,,,
17:51:41.475,2.31,101.475,,,,,,,,
17:51:41.512,2.31,101.512,,,,,,,,
17:51:41.582,2.31,101.582,,,,,,,,
17:51:41.617,2.31,101.617,,,,,,,,
17:51:41.687,2.31,101.687,,,,,,,,
17:51:41.722,2.31,101.722,,,,,,,,
17:51:41.789,2.31,101.789,,,,,,,,
17:51:41.824,2.32,101.824,,,,,,,,
17:51:41.857,2.32,101.857,,,,,,,,
17:51:41.925,2.32,101.925,,,,,,,,
17:51:41.958,2.32,101.958,,,,,,,,
17:51:42.025,2.33,102.025,,,,,,,,
17:51:42.062,2.33,102.062,,,,,,,,
17:51:42.130,2.34,102.13,,,,,,,,
17:51:42.167,2.33,102.167,,,,,,,,
17:51:42.239,2.33,102.239,,,,,,,,
17:51:42.273,2.35,102.273,,,,,,,,
17:51:42.311,2.35,102.311,,,,,,,,
17:51:42.382,2.36,102.382,,,,,,,,
17:51:42.415,2.36,102.415,,,,,,,,
17:51:42.484,2.37,102.484,,,,,,,,
17:51:42.517,2.37,102.517,,,,,,,,
17:51:42.589,2.37,102.589,,,,,,,,
17:51:42.626,2.37,102.626,,,,,,,,
17:51:42.664,2.35,102.664,,,,,,,,
17:51:42.735,2.34,102.735,,,,,,,,
17:51:42.773,2.33,102.773,,,,,,,,
17:51:42.808,2.33,102.808,,,,,,,,
17:51:42.875,2.32,102.875,,,,,,,,
17:51:42.913,2.31,102.913,,,,,,,,
17:51:42.986,2.31,102.986,,,,,,,,
17:51:43.023,2.31,103.023,,,,,,,,
17:51:43.058,2.32,103.058,,,,,,,,
17:51:43.128,2.33,103.128,,,,,,,,
17:51:43.164,2.34,103.164,,,,,,,,
17:51:43.232,2.34,103.232,,,,,,,,
17:51:43.270,2.34,103.27,,,,,,,,
17:51:43.338,2.34,103.338,,,,,,,,
17:51:43.376,2.34,103.376,,,,,,,,
17:51:43.410,2.34,103.41,,,,,,,,
17:51:43.477,2.34,103.477,,,,,,,,
17:51:43.511,2.33,103.511,,,,,,,,
17:51:43.582,2.33,103.582,,,,,,,,
17:51:43.619,2.32,103.619,,,,,,,,
17:51:43.691,2.32,103.691,,,,,,,,
17:51:43.727,2.32,103.727,,,,,,,,
17:51:43.761,2.33,103.761,,,,,,,,
17:51:43.828,2.34,103.828,,,,,,,,
17:51:43.863,2.35,103.863,,,,,,,,
17:51:43.930,2.36,103.93,,,,,,,,
17:51:43.967,2.37,103.967,,,,,,,,
17:51:44.035,2.38,104.035,,,,,,,,
17:51:44.068,2.38,104.068,,,,,,,,
17:51:44.137,2.38,104.137,,,,,,,,
17:51:44.172,2.38,104.172,,,,,,,,
17:51:44.239,2.38,104.239,,,,,,,,
17:51:44.273,2.37,104.273,,,,,,,,
17:51:44.306,2.35,104.306,,,,,,,,
17:51:44.373,2.35,104.373,,,,,,,,
17:51:44.439,2.34,104.439,,,,,,,,
17:51:44.473,2.34,104.473,,,,,,,,
17:51:44.506,2.33,104.506,,,,,,,,
17:51:44.575,2.33,104.575,,,,,,,,
17:51:44.611,2.33,104.611,,,,,,,,
17:51:44.678,2.33,104.678,,,,,,,,
17:51:44.711,2.34,104.711,,,,,,,,
17:51:44.779,2.34,104.779,,,,,,,,
17:51:44.812,2.34,104.812,,,,,,,,
17:51:44.880,2.34,104.88,,,,,,,,
17:51:44.913,2.33,104.913,,,,,,,,
17:51:44.984,2.34,104.984,,,,,,,,
17:51:45.019,2.34,105.019,,,,,,,,
17:51:45.091,2.34,105.091,,,,,,,,
17:51:45.124,2.34,105.124,,,,,,,,
17:51:45.190,2.34,105.19,,,,,,,,
17:51:45.223,2.34,105.223,,,,,,,,
17:51:45.293,2.34,105.293,,,,,,,,
17:51:45.326,2.34,105.326,,,,,,,,
17:51:45.361,2.34,105.361,,,,,,,,
17:51:45.428,2.34,105.428,,,,,,,,
17:51:45.461,2.34,105.461,,,,,,,,
17:51:45.528,2.35,105.528,,,,,,,,
17:51:45.561,2.35,105.561,,,,,,,,
17:51:45.629,2.35,105.629,,,,,,,,
17:51:45.663,2.35,105.663,,,,,,,,
17:51:45.729,2.36,105.729,,,,,,,,
17:51:45.762,2.37,105.762,,,,,,,,
17:51:45.829,2.37,105.829,,,,,,,,
17:51:45.863,2.38,105.863,,,,,,,,
17:51:45.932,2.39,105.932,,,,,,,,
17:51:45.968,2.39,105.968,,,,,,,,
17:51:46.039,2.4,106.039,,,,,,,,
17:51:46.074,2.4,106.074,,,,,,,,
17:51:46.111,2.4,106.111,,,,,,,,
17:51:46.178,2.4,106.178,,,,,,,,
17:51:46.212,2.4,106.212,,,,,,,,
17:51:46.279,2.39,106.279,,,,,,,,
17:51:46.314,2.39,106.314,,,,,,,,
17:51:46.382,2.38,106.382,,,,,,,,
17:51:46.415,2.38,106.415,,,,,,,,
17:51:46.484,2.38,106.484,,,,,,,,
17:51:46.519,2.37,106.519,,,,,,,,
17:51:46.585,2.37,106.585,,,,,,,,
17:51:46.620,2.37,106.62,,,,,,,,
17:51:46.689,2.37,106.689,,,,,,,,
17:51:46.723,2.37,106.723,,,,,,,,
17:51:46.759,2.36,106.759,,,,,,,,
17:51:46.830,2.37,106.83,,,,,,,,
17:51:46.864,2.36,106.864,,,,,,,,
17:51:46.933,2.36,106.933,,,,,,,,
17:51:46.968,2.36,106.968,,,,,,,,
17:51:47.039,2.36,107.039,,,,,,,,
17:51:47.072,2.36,107.072,,,,,,,,
17:51:47.139,2.36,107.139,,,,,,,,
17:51:47.176,2.36,107.176,,,,,,,,
17:51:47.209,2.35,107.209,,,,,,,,
17:51:47.282,2.35,107.282,,,,,,,,
17:51:47.317,2.35,107.317,,,,,,,,
17:51:47.383,2.35,107.383,,,,,,,,
17:51:47.416,2.35,107.416,,,,,,,,
17:51:47.487,2.34,107.487,,,,,,,,
17:51:47.525,2.33,107.525,,,,,,,,
17:51:47.559,2.33,107.559,,,,,,,,
17:51:47.626,2.32,107.626,,,,,,,,
17:51:47.697,2.33,107.697,,,,,,,,
17:51:47.730,2.33,107.73,,,,,,,,
17:51:47.763,2.33,107.763,,,,,,,,
17:51:47.831,2.34,107.831,,,,,,,,
17:51:47.868,2.33,107.868,,,,,,,,
17:51:47.935,2.32,107.935,,,,,,,,
17:51:47.972,2.33,107.972,,,,,,,,
17:51:48.012,2.33,108.012,,,,,,,,
17:51:48.085,2.32,108.085,,,,,,,,
17:51:48.118,2.32,108.118,,,,,,,,
17:51:48.186,2.32,108.186,,,,,,,,
17:51:48.219,2.32,108.219,,,,,,,,
17:51:48.293,2.32,108.293,,,,,,,,
17:51:48.329,2.32,108.329,,,,,,,,
17:51:48.363,2.32,108.363,,,,,,,,
17:51:48.434,2.32,108.434,,,,,,,,
17:51:48.471,2.32,108.471,,,,,,,,
17:51:48.540,2.32,108.54,,,,,,,,
17:51:48.578,2.32,108.578,,,,,,,,
17:51:48.611,2.32,108.611,,,,,,,,
17:51:48.684,2.33,108.684,,,,,,,,
17:51:48.717,2.33,108.717,,,,,,,,
17:51:48.793,2.34,108.793,,,,,,,,
17:51:48.829,2.34,108.829,,,,,,,,
17:51:48.864,2.34,108.864,,,,,,,,
17:51:48.931,2.35,108.931,,,,,,,,
17:51:48.965,2.34,108.965,,,,,,,,
17:51:49.033,2.34,109.033,,,,,,,,
17:51:49.067,2.33,109.067,,,,,,,,
17:51:49.136,2.32,109.136,,,,,,,,
17:51:49.170,2.32,109.17,,,,,,,,
17:51:49.240,2.31,109.24,,,,,,,,
17:51:49.274,2.31,109.274,,,,,,,,
17:51:49.312,2.3,109.312,,,,,,,,
17:51:49.383,2.3,109.383,,,,,,,,
17:51:49.418,2.3,109.418,,,,,,,,
17:51:49.492,2.3,109.492,,,,,,,,
17:51:49.527,2.29,109.527,,,,,,,,
17:51:49.563,2.29,109.563,,,,,,,,
17:51:49.631,2.3,109.631,,,,,,,,
17:51:49.667,2.31,109.667,,,,,,,,
17:51:49.734,2.31,109.734,,,,,,,,
17:51:49.769,2.31,109.769,,,,,,,,
17:51:49.842,2.32,109.842,,,,,,,,
17:51:49.875,2.34,109.875,,,,,,,,
17:51:49.913,2.36,109.913,,,,,,,,
17:51:49.984,2.37,109.984,,,,,,,,
17:51:50.018,2.37,110.018,,,,,,,,
17:51:50.087,2.37,110.087,,,,,,,,
17:51:50.120,2.37,110.12,,,,,,,,
17:51:50.194,2.37,110.194,,,,,,,,
17:51:50.227,2.37,110.227,,,,,,,,
17:51:50.262,2.38,110.262,,,,,,,,
17:51:50.333,2.39,110.333,,,,,,,,
17:51:50.371,2.39,110.371,,,,,,,,
17:51:50.447,2.4,110.447,,,,,,,,
17:51:50.481,2.4,110.481,,,,,,,,
17:51:50.515,2.4,110.515,,,,,,,,
17:51:50.585,2.4,110.585,,,,,,,,
17:51:50.622,2.39,110.622,,,,,,,,
17:51:50.693,2.37,110.693,,,,,,,,
17:51:50.726,2.35,110.726,,,,,,,,
17:51:50.762,2.34,110.762,,,,,,,,
17:51:50.832,2.33,110.832,,,,,,,,
17:51:50.869,2.32,110.869,,,,,,,,
17:51:50.938,2.32,110.938,,,,,,,,
17:51:50.973,2.31,110.973,,,,,,,,
17:51:51.045,2.32,111.045,,,,,,,,
17:51:51.083,2.36,111.083,,,,,,,,
17:51:51.117,2.38,111.117,,,,,,,,
17:51:51.192,2.39,111.192,,,,,,,,
17:51:51.227,2.39,111.227,,,,,,,,
17:51:51.296,2.4,111.296,,,,,,,,
17:51:51.332,2.41,111.332,,,,,,,,
17:51:51.369,2.41,111.369,,,,,,,,
17:51:51.437,2.4,111.437,,,,,,,,
17:51:51.472,2.38,111.472,,,,,,,,
17:51:51.510,2.37,111.51,,,,,,,,
17:51:51.585,2.35,111.585,,,,,,,,
17:51:51.619,2.35,111.619,,,,,,,,
17:51:51.688,2.35,111.688,,,,,,,,
17:51:51.721,2.35,111.721,,,,,,,,
17:51:51.792,2.35,111.792,,,,,,,,
17:51:51.826,2.36,111.826,,,,,,,,
17:51:51.899,2.36,111.899,,,,,,,,
17:51:51.936,2.35,111.936,,,,,,,,
17:51:51.974,2.35,111.974,,,,,,,,
17:51:52.011,2.35,112.011,,,,,,,,
17:51:52.083,2.35,112.083,,,,,,,,
17:51:52.119,2.35,112.119,,,,,,,,
17:51:52.188,2.34,112.188,,,,,,,,
17:51:52.222,2.35,112.222,,,,,,,,
17:51:52.293,2.35,112.293,,,,,,,,
17:51:52.327,2.35,112.327,,,,,,,,
17:51:52.363,2.35,112.363,,,,,,,,
17:51:52.435,2.36,112.435,,,,,,,,
17:51:52.471,2.35,112.471,,,,,,,,
17:51:52.538,2.35,112.538,,,,,,,,
17:51:52.573,2.35,112.573,,,,,,,,
17:51:52.648,2.36,112.648,,,,,,,,
17:51:52.685,2.36,112.685,,,,,,,,
17:51:52.722,2.37,112.722,,,,,,,,
17:51:52.798,2.37,112.798,,,,,,,,
17:51:52.834,2.37,112.834,,,,,,,,
17:51:52.867,2.38,112.867,,,,,,,,
17:51:52.938,2.37,112.938,,,,,,,,
17:51:52.971,2.37,112.971,,,,,,,,
17:51:53.048,2.37,113.048,,,,,,,,
17:51:53.084,2.36,113.084,,,,,,,,
17:51:53.122,2.35,113.122,,,,,,,,
17:51:53.193,2.34,113.193,,,,,,,,
17:51:53.226,2.34,113.226,,,,,,,,
17:51:53.298,2.33,113.298,,,,,,,,
17:51:53.335,2.33,113.335,,,,,,,,
17:51:53.372,2.33,113.372,,,,,,,,
17:51:53.444,2.33,113.444,,,,,,,,
17:51:53.478,2.33,113.478,,,,,,,,
17:51:53.515,2.34,113.515,,,,,,,,
17:51:53.587,2.35,113.587,,,,,,,,
17:51:53.620,2.36,113.62,,,,,,,,
17:51:53.691,2.37,113.691,,,,,,,,
17:51:53.725,2.37,113.725,,,,,,,,
17:51:53.792,2.38,113.792,,,,,,,,
17:51:53.827,2.38,113.827,,,,,,,,
17:51:53.896,2.39,113.896,,,,,,,,
17:51:53.930,2.38,113.93,,,,,,,,
17:51:53.964,2.38,113.964,,,,,,,,
17:51:54.031,2.39,114.031,,,,,,,,
17:51:54.067,2.38,114.067,,,,,,,,
17:51:54.135,2.39,114.135,,,,,,,,
17:51:54.170,2.38,114.17,,,,,,,,
17:51:54.237,2.38,114.237,,,,,,,,
17:51:54.274,2.37,114.274,,,,,,,,
17:51:54.311,2.37,114.311,,,,,,,,
17:51:54.378,2.36,114.378,,,,,,,,
17:51:54.448,2.36,114.448,,,,,,,,
17:51:54.485,2.36,114.485,,,,,,,,
17:51:54.519,2.36,114.519,,,,,,,,
17:51:54.594,2.36,114.594,,,,,,,,
17:51:54.628,2.34,114.628,,,,,,,,
17:51:54.697,2.32,114.697,,,,,,,,
17:51:54.731,2.31,114.731,,,,,,,,
17:51:54.768,2.3,114.768,,,,,,,,
17:51:54.835,2.29,114.835,,,,,,,,
17:51:54.870,2.28,114.87,,,,,,,,
17:51:54.938,2.28,114.938,,,,,,,,
17:51:54.976,2.27,114.976,,,,,,,,
17:51:55.044,2.27,115.044,,,,,,,,
17:51:55.081,2.27,115.081,,,,,,,,
17:51:55.115,2.27,115.115,,,,,,,,
17:51:55.187,2.27,115.187,,,,,,,,
17:51:55.221,2.26,115.221,,,,,,,,
17:51:55.297,2.27,115.297,,,,,,,,
17:51:55.330,2.26,115.33,,,,,,,,
17:51:55.397,2.26,115.397,,,,,,,,
17:51:55.431,2.26,115.431,,,,,,,,
17:51:55.469,2.28,115.469,,,,,,,,
17:51:55.536,2.29,115.536,,,,,,,,
17:51:55.571,2.3,115.571,,,,,,,,
17:51:55.644,2.31,115.644,,,,,,,,
17:51:55.678,2.32,115.678,,,,,,,,
17:51:55.712,2.33,115.712,,,,,,,,
17:51:55.787,2.33,115.787,,,,,,,,
17:51:55.821,2.34,115.821,,,,,,,,
17:51:55.889,2.34,115.889,,,,,,,,
17:51:55.924,2.34,115.924,,,,,,,,
17:51:55.995,2.34,115.995,,,,,,,,
17:51:56.031,2.33,116.031,,,,,,,,
17:51:56.064,2.34,116.064,,,,,,,,
17:51:56.131,2.33,116.131,,,,,,,,
17:51:56.164,2.33,116.164,,,,,,,,
17:51:56.233,2.34,116.233,,,,,,,,
17:51:56.265,2.36,116.265,,,,,,,,
17:51:56.334,2.37,116.334,,,,,,,,
17:51:56.367,2.38,116.367,,,,,,,,
17:51:56.434,2.38,116.434,,,,,,,,
17:51:56.468,2.38,116.468,,,,,,,,
17:51:56.535,2.38,116.535,,,,,,,,
17:51:56.573,2.39,116.573,,,,,,,,
17:51:56.644,2.38,116.644,,,,,,,,
17:51:56.678,2.36,116.678,,,,,,,,
17:51:56.746,2.34,116.746,,,,,,,,
17:51:56.780,2.33,116.78,,,,,,,,
17:51:56.817,2.33,116.817,,,,,,,,
17:51:56.884,2.32,116.884,,,,,,,,
17:51:56.918,2.32,116.918,,,,,,,,
17:51:56.991,2.32,116.991,,,,,,,,
17:51:57.029,2.33,117.029,,,,,,,,
17:51:57.096,2.35,117.096,,,,,,,,
17:51:57.130,2.37,117.13,,,,,,,,
17:51:57.168,2.38,117.168,,,,,,,,
17:51:57.235,2.37,117.235,,,,,,,,
17:51:57.273,2.38,117.273,,,,,,,,
17:51:57.344,2.39,117.344,,,,,,,,
17:51:57.381,2.39,117.381,,,,,,,,
17:51:57.419,2.38,117.419,,,,,,,,
17:51:57.487,2.36,117.487,,,,,,,,
17:51:57.521,2.34,117.521,,,,,,,,
17:51:57.587,2.34,117.587,,,,,,,,
17:51:57.622,2.34,117.622,,,,,,,,
17:51:57.692,2.34,117.692,,,,,,,,
17:51:57.726,2.34,117.726,,,,,,,,
17:51:57.797,2.35,117.797,,,,,,,,
17:51:57.840,2.35,117.84,,,,,,,,
17:51:57.871,2.35,117.871,,,,,,,,
17:51:57.940,2.35,117.94,,,,,,,,
17:51:57.978,2.35,117.978,,,,,,,,
17:51:58.016,2.35,118.016,,,,,,,,
17:51:58.084,2.35,118.084,,,,,,,,
17:51:58.117,2.35,118.117,,,,,,,,
17:51:58.187,2.34,118.187,,,,,,,,
17:51:58.220,2.33,118.22,,,,,,,,
17:51:58.288,2.32,118.288,,,,,,,,
17:51:58.321,2.31,118.321,,,,,,,,
17:51:58.387,2.31,118.387,,,,,,,,
17:51:58.421,2.3,118.421,,,,,,,,
17:51:58.491,2.3,118.491,,,,,,,,
17:51:58.529,2.3,118.529,,,,,,,,
17:51:58.563,2.3,118.563,,,,,,,,
17:51:58.640,2.31,118.64,,,,,,,,
17:51:58.673,2.33,118.673,,,,,,,,
17:51:58.740,2.34,118.74,,,,,,,,
17:51:58.774,2.35,118.774,,,,,,,,
17:51:58.846,2.36,118.846,,,,,,,,
17:51:58.882,2.36,118.882,,,,,,,,
17:51:58.916,2.36,118.916,,,,,,,,
17:51:58.985,2.36,118.985,,,,,,,,
17:51:59.019,2.35,119.019,,,,,,,,
17:51:59.086,2.34,119.086,,,,,,,,
17:51:59.122,2.33,119.122,,,,,,,,
17:51:59.189,2.33,119.189,,,,,,,,
17:51:59.223,2.32,119.223,,,,,,,,
17:51:59.298,2.32,119.298,,,,,,,,
17:51:59.333,2.32,119.333,,,,,,,,
17:51:59.371,2.31,119.371,,,,,,,,
17:51:59.441,2.31,119.441,,,,,,,,
17:51:59.478,2.32,119.478,,,,,,,,
17:51:59.550,2.33,119.55,,,,,,,,
17:51:59.583,2.34,119.583,,,,,,,,
17:51:59.616,2.34,119.616,,,,,,,,
17:51:59.684,2.35,119.684,,,,,,,,
17:51:59.717,2.35,119.717,,,,,,,,
17:51:59.789,2.35,119.789,,,,,,,,
17:51:59.824,2.36,119.824,,,,,,,,
17:51:59.894,2.38,119.894,,,,,,,,
17:51:59.927,2.38,119.927,,,,,,,,
17:51:59.997,2.39,119.997,,,,,,,,
17:52:00.030,2.39,120.03,,,,,,,,
17:52:00.068,2.39,120.068,,,,,,,,
17:52:00.135,2.39,120.135,,,,,,,,
17:52:00.171,2.39,120.171,,,,,,,,
17:52:00.239,2.39,120.239,,,,,,,,
17:52:00.272,2.38,120.272,,,,,,,,
17:52:00.347,2.37,120.347,,,,,,,,
17:52:00.384,2.36,120.384,,,,,,,,
17:52:00.420,2.36,120.42,,,,,,,,
17:52:00.493,2.35,120.493,,,,,,,,
17:52:00.527,2.35,120.527,,,,,,,,
17:52:00.598,2.35,120.598,,,,,,,,
17:52:00.636,2.36,120.636,,,,,,,,
17:52:00.672,2.37,120.672,,,,,,,,
17:52:00.742,2.37,120.742,,,,,,,,
17:52:00.778,2.38,120.778,,,,,,,,
17:52:00.848,2.38,120.848,,,,,,,,
17:52:00.881,2.39,120.881,,,,,,,,
17:52:00.918,2.39,120.918,,,,,,,,
17:52:00.989,2.39,120.989,,,,,,,,
17:52:01.024,2.38,121.024,,,,,,,,
17:52:01.095,2.37,121.095,,,,,,,,
17:52:01.129,2.37,121.129,,,,,,,,
17:52:01.197,2.37,121.197,,,,,,,,
17:52:01.232,2.36,121.232,,,,,,,,
17:52:01.304,2.35,121.304,,,,,,,,
17:52:01.337,2.35,121.337,,,,,,,,
17:52:01.371,2.35,121.371,,,,,,,,
17:52:01.447,2.35,121.447,,,,,,,,
17:52:01.482,2.36,121.482,,,,,,,,
17:52:01.554,2.36,121.554,,,,,,,,
17:52:01.589,2.37,121.589,,,,,,,,
17:52:01.626,2.38,121.626,,,,,,,,
17:52:01.692,2.38,121.692,,,,,,,,
17:52:01.725,2.39,121.725,,,,,,,,
17:52:01.792,2.39,121.792,,,,,,,,
17:52:01.825,2.39,121.825,,,,,,,,
17:52:01.891,2.39,121.891,,,,,,,,
17:52:01.928,2.39,121.928,,,,,,,,
17:52:01.999,2.38,121.999,,,,,,,,
17:52:02.035,2.38,122.035,,,,,,,,
17:52:02.071,2.38,122.071,,,,,,,,
17:52:02.138,2.38,122.138,,,,,,,,
17:52:02.172,2.37,122.172,,,,,,,,
17:52:02.246,2.38,122.246,,,,,,,,
17:52:02.283,2.38,122.283,,,,,,,,
17:52:02.317,2.38,122.317,,,,,,,,
17:52:02.387,2.38,122.387,,,,,,,,
17:52:02.421,2.38,122.421,,,,,,,,
17:52:02.488,2.38,122.488,,,,,,,,
17:52:02.521,2.38,122.521,,,,,,,,
17:52:02.589,2.38,122.589,,,,,,,,
17:52:02.625,2.39,122.625,,,,,,,,
17:52:02.694,2.39,122.694,,,,,,,,
17:52:02.729,2.39,122.729,,,,,,,,
17:52:02.767,2.39,122.767,,,,,,,,
17:52:02.840,2.39,122.84,,,,,,,,
17:52:02.874,2.39,122.874,,,,,,,,
17:52:02.946,2.39,122.946,,,,,,,,
17:52:02.980,2.39,122.98,,,,,,,,
17:52:03.051,2.38,123.051,,,,,,,,
17:52:03.088,2.37,123.088,,,,,,,,
17:52:03.122,2.36,123.122,,,,,,,,
17:52:03.194,2.35,123.194,,,,,,,,
17:52:03.231,2.35,123.231,,,,,,,,
17:52:03.301,2.34,123.301,,,,,,,,
17:52:03.334,2.34,123.334,,,,,,,,
17:52:03.371,2.34,123.371,,,,,,,,
17:52:03.438,2.33,123.438,,,,,,,,
17:52:03.471,2.32,123.471,,,,,,,,
17:52:03.538,2.31,123.538,,,,,,,,
17:52:03.573,2.31,123.573,,,,,,,,
17:52:03.646,2.31,123.646,,,,,,,,
17:52:03.684,2.31,123.684,,,,,,,,
17:52:03.717,2.31,123.717,,,,,,,,
17:52:03.785,2.31,123.785,,,,,,,,
17:52:03.819,2.34,123.819,,,,,,,,
17:52:03.891,2.36,123.891,,,,,,,,
17:52:03.929,2.38,123.929,,,,,,,,
17:52:04.001,2.39,124.001,,,,,,,,
17:52:04.038,2.39,124.038,,,,,,,,
17:52:04.074,2.4,124.074,,,,,,,,
17:52:04.145,2.4,124.145,,,,,,,,
17:52:04.180,2.4,124.18,,,,,,,,
17:52:04.251,2.39,124.251,,,,,,,,
17:52:04.286,2.39,124.286,,,,,,,,
17:52:04.324,2.38,124.324,,,,,,,,
17:52:04.392,2.38,124.392,,,,,,,,
17:52:04.428,2.38,124.428,,,,,,,,
17:52:04.498,2.38,124.498,,,,,,,,
17:52:04.534,2.37,124.534,,,,,,,,
17:52:04.572,2.37,124.572,,,,,,,,
17:52:04.643,2.36,124.643,,,,,,,,
17:52:04.677,2.36,124.677,,,,,,,,
17:52:04.744,2.36,124.744,,,,,,,,
17:52:04.778,2.36,124.778,,,,,,,,
17:52:04.851,2.36,124.851,,,,,,,,
17:52:04.889,2.35,124.889,,,,,,,,
17:52:04.925,2.35,124.925,,,,,,,,
17:52:04.999,2.35,124.999,,,,,,,,
17:52:05.036,2.35,125.036,,,,,,,,
17:52:05.071,2.35,125.071,,,,,,,,
17:52:05.143,2.34,125.143,,,,,,,,
17:52:05.179,2.35,125.179,,,,,,,,
17:52:05.249,2.34,125.249,,,,,,,,
17:52:05.282,2.34,125.282,,,,,,,,
17:52:05.349,2.34,125.349,,,,,,,,
17:52:05.382,2.34,125.382,,,,,,,,
17:52:05.420,2.34,125.42,,,,,,,,
17:52:05.488,2.34,125.488,,,,,,,,
17:52:05.521,2.34,125.521,,,,,,,,
17:52:05.589,2.35,125.589,,,,,,,,
17:52:05.622,2.35,125.622,,,,,,,,
17:52:05.693,2.36,125.693,,,,,,,,
17:52:05.727,2.37,125.727,,,,,,,,
17:52:05.797,2.37,125.797,,,,,,,,
17:52:05.835,2.36,125.835,,,,,,,,
17:52:05.871,2.35,125.871,,,,,,,,
17:52:05.939,2.34,125.939,,,,,,,,
17:52:05.976,2.34,125.976,,,,,,,,
17:52:06.044,2.33,126.044,,,,,,,,
17:52:06.077,2.33,126.077,,,,,,,,
17:52:06.147,2.33,126.147,,,,,,,,
17:52:06.181,2.32,126.181,,,,,,,,
17:52:06.254,2.32,126.254,,,,,,,,
17:52:06.287,2.32,126.287,,,,,,,,
17:52:06.354,2.32,126.354,,,,,,,,
17:52:06.388,2.33,126.388,,,,,,,,
17:52:06.424,2.32,126.424,,,,,,,,
17:52:06.493,2.32,126.493,,,,,,,,
17:52:06.530,2.32,126.53,,,,,,,,
17:52:06.596,2.32,126.596,,,,,,,,
17:52:06.629,2.33,126.629,,,,,,,,
17:52:06.697,2.34,126.697,,,,,,,,
17:52:06.730,2.35,126.73,,,,,,,,
17:52:06.799,2.35,126.799,,,,,,,,
17:52:06.834,2.36,126.834,,,,,,,,
17:52:06.871,2.36,126.871,,,,,,,,
17:52:06.942,2.36,126.942,,,,,,,,
17:52:06.979,2.36,126.979,,,,,,,,
17:52:07.047,2.35,127.047,,,,,,,,
17:52:07.085,2.35,127.085,,,,,,,,
17:52:07.152,2.34,127.152,,,,,,,,
17:52:07.190,2.33,127.19,,,,,,,,
17:52:07.224,2.32,127.224,,,,,,,,
17:52:07.292,2.33,127.292,,,,,,,,
17:52:07.328,2.32,127.328,,,,,,,,
17:52:07.395,2.32,127.395,,,,,,,,
17:52:07.431,2.32,127.431,,,,,,,,
17:52:07.503,2.32,127.503,,,,,,,,
17:52:07.536,2.31,127.536,,,,,,,,
17:52:07.607,2.32,127.607,,,,,,,,
17:52:07.642,2.32,127.642,,,,,,,,
17:52:07.675,2.33,127.675,,,,,,,,
17:52:07.746,2.33,127.746,,,,,,,,
17:52:07.780,2.33,127.78,,,,,,,,
17:52:07.853,2.34,127.853,,,,,,,,
17:52:07.888,2.35,127.888,,,,,,,,
17:52:07.925,2.36,127.925,,,,,,,,
17:52:07.998,2.36,127.998,,,,,,,,
17:52:08.032,2.36,128.032,,,,,,,,
17:52:08.103,2.36,128.103,,,,,,,,
17:52:08.137,2.36,128.137,,,,,,,,
17:52:08.204,2.36,128.204,,,,,,,,
17:52:08.242,2.36,128.242,,,,,,,,
17:52:08.277,2.36,128.277,,,,,,,,
17:52:08.351,2.36,128.351,,,,,,,,
17:52:08.390,2.36,128.39,,,,,,,,
17:52:08.428,2.36,128.428,,,,,,,,
17:52:08.499,2.35,128.499,,,,,,,,
17:52:08.536,2.36,128.536,,,,,,,,
17:52:08.572,2.35,128.572,,,,,,,,
17:52:08.642,2.34,128.642,,,,,,,,
17:52:08.675,2.33,128.675,,,,,,,,
17:52:08.745,2.33,128.745,,,,,,,,
17:52:08.781,2.32,128.781,,,,,,,,
17:52:08.856,2.32,128.856,,,,,,,,
17:52:08.892,2.31,128.892,,,,,,,,
17:52:08.925,2.31,128.925,,,,,,,,
17:52:08.995,2.31,128.995,,,,,,,,
17:52:09.031,2.31,129.031,,,,,,,,
17:52:09.101,2.31,129.101,,,,,,,,
17:52:09.135,2.32,129.135,,,,,,,,
17:52:09.204,2.31,129.204,,,,,,,,
17:52:09.238,2.31,129.238,,,,,,,,
17:52:09.272,2.31,129.272,,,,,,,,
17:52:09.346,2.31,129.346,,,,,,,,
17:52:09.384,2.32,129.384,,,,,,,,
17:52:09.455,2.31,129.455,,,,,,,,
17:52:09.488,2.32,129.488,,,,,,,,
17:52:09.522,2.31,129.522,,,,,,,,
17:52:09.589,2.32,129.589,,,,,,,,
17:52:09.624,2.32,129.624,,,,,,,,
17:52:09.696,2.32,129.696,,,,,,,,
17:52:09.734,2.31,129.734,,,,,,,,
17:52:09.770,2.31,129.77,,,,,,,,
17:52:09.839,2.31,129.839,,,,,,,,
17:52:09.876,2.31,129.876,,,,,,,,
17:52:09.951,2.31,129.951,,,,,,,,
17:52:09.985,2.31,129.985,,,,,,,,
17:52:10.053,2.31,130.053,,,,,,,,
17:52:10.090,2.32,130.09,,,,,,,,
17:52:10.129,2.32,130.129,,,,,,,,
17:52:10.196,2.32,130.196,,,,,,,,
17:52:10.229,2.33,130.229,,,,,,,,
17:52:10.302,2.33,130.302,,,,,,,,
17:52:10.338,2.34,130.338,,,,,,,,
17:52:10.373,2.34,130.373,,,,,,,,
17:52:10.446,2.34,130.446,,,,,,,,
17:52:10.480,2.34,130.48,,,,,,,,
17:52:10.550,2.34,130.55,,,,,,,,
17:52:10.584,2.34,130.584,,,,,,,,
17:52:10.653,2.35,130.653,,,,,,,,
17:52:10.688,2.35,130.688,,,,,,,,
17:52:10.721,2.35,130.721,,,,,,,,
17:52:10.788,2.35,130.788,,,,,,,,
17:52:10.825,2.35,130.825,,,,,,,,
17:52:10.895,2.35,130.895,,,,,,,,
17:52:10.931,2.35,130.931,,,,,,,,
17:52:11.003,2.35,131.003,,,,,,,,
17:52:11.038,2.33,131.038,,,,,,,,
17:52:11.076,2.32,131.076,,,,,,,,
17:52:11.147,2.32,131.147,,,,,,,,
17:52:11.181,2.31,131.181,,,,,,,,
17:52:11.254,2.31,131.254,,,,,,,,
17:52:11.288,2.3,131.288,,,,,,,,
17:52:11.359,2.3,131.359,,,,,,,,
17:52:11.397,2.3,131.397,,,,,,,,
17:52:11.432,2.31,131.432,,,,,,,,
17:52:11.505,2.33,131.505,,,,,,,,
17:52:11.538,2.33,131.538,,,,,,,,
17:52:11.572,2.34,131.572,,,,,,,,
17:52:11.644,2.34,131.644,,,,,,,,
17:52:11.680,2.35,131.68,,,,,,,,
17:52:11.748,2.36,131.748,,,,,,,,
17:52:11.782,2.36,131.782,,,,,,,,
17:52:11.853,2.38,131.853,,,,,,,,
17:52:11.887,2.39,131.887,,,,,,,,
17:52:11.956,2.4,131.956,,,,,,,,
17:52:11.992,2.42,131.992,,,,,,,,
17:52:12.025,2.42,132.025,,,,,,,,
17:52:12.093,2.42,132.093,,,,,,,,
17:52:12.126,2.43,132.126,,,,,,,,
17:52:12.195,2.43,132.195,,,,,,,,
17:52:12.228,2.41,132.228,,,,,,,,
17:52:12.300,2.39,132.3,,,,,,,,
17:52:12.336,2.39,132.336,,,,,,,,
17:52:12.405,2.38,132.405,,,,,,,,
17:52:12.439,2.37,132.439,,,,,,,,
17:52:12.477,2.37,132.477,,,,,,,,
17:52:12.545,2.37,132.545,,,,,,,,
17:52:12.579,2.36,132.579,,,,,,,,
17:52:12.649,2.36,132.649,,,,,,,,
17:52:12.686,2.35,132.686,,,,,,,,
17:52:12.756,2.35,132.756,,,,,,,,
17:52:12.789,2.35,132.789,,,,,,,,
17:52:12.824,2.34,132.824,,,,,,,,
17:52:12.896,2.34,132.896,,,,,,,,
17:52:12.930,2.34,132.93,,,,,,,,
17:52:13.001,2.34,133.001,,,,,,,,
17:52:13.037,2.34,133.037,,,,,,,,
17:52:13.071,2.34,133.071,,,,,,,,
17:52:13.145,2.34,133.145,,,,,,,,
17:52:13.180,2.34,133.18,,,,,,,,
17:52:13.250,2.34,133.25,,,,,,,,
17:52:13.287,2.35,133.287,,,,,,,,
17:52:13.362,2.34,133.362,,,,,,,,
17:52:13.396,2.34,133.396,,,,,,,,
17:52:13.429,2.35,133.429,,,,,,,,
17:52:13.501,2.36,133.501,,,,,,,,
17:52:13.534,2.36,133.534,,,,,,,,
17:52:13.605,2.37,133.605,,,,,,,,
17:52:13.641,2.37,133.641,,,,,,,,
17:52:13.674,2.38,133.674,,,,,,,,
17:52:13.744,2.39,133.744,,,,,,,,
17:52:13.779,2.39,133.779,,,,,,,,
17:52:13.848,2.38,133.848,,,,,,,,
17:52:13.882,2.37,133.882,,,,,,,,
17:52:13.951,2.36,133.951,,,,,,,,
17:52:13.986,2.36,133.986,,,,,,,,
17:52:14.057,2.35,134.057,,,,,,,,
17:52:14.095,2.35,134.095,,,,,,,,
17:52:14.131,2.34,134.131,,,,,,,,
17:52:14.203,2.34,134.203,,,,,,,,
17:52:14.241,2.33,134.241,,,,,,,,
17:52:14.310,2.33,134.31,,,,,,,,
17:52:14.344,2.32,134.344,,,,,,,,
17:52:14.379,2.31,134.379,,,,,,,,
17:52:14.446,2.32,134.446,,,,,,,,
17:52:14.479,2.31,134.479,,,,,,,,
17:52:14.548,2.31,134.548,,,,,,,,
17:52:14.587,2.31,134.587,,,,,,,,
17:52:14.655,2.31,134.655,,,,,,,,
17:52:14.692,2.32,134.692,,,,,,,,
17:52:14.727,2.32,134.727,,,,,,,,
17:52:14.797,2.32,134.797,,,,,,,,
17:52:14.830,2.32,134.83,,,,,,,,
17:52:14.897,2.32,134.897,,,,,,,,
17:52:14.931,2.32,134.931,,,,,,,,
17:52:14.998,2.32,134.998,,,,,,,,
17:52:15.032,2.33,135.032,,,,,,,,
17:52:15.098,2.33,135.098,,,,,,,,
17:52:15.131,2.34,135.131,,,,,,,,
17:52:15.200,2.34,135.2,,,,,,,,
17:52:15.234,2.34,135.234,,,,,,,,
17:52:15.306,2.34,135.306,,,,,,,,
17:52:15.343,2.34,135.343,,,,,,,,
17:52:15.381,2.34,135.381,,,,,,,,
17:52:15.453,2.34,135.453,,,,,,,,
17:52:15.491,2.33,135.491,,,,,,,,
17:52:15.526,2.33,135.526,,,,,,,,
17:52:15.600,2.33,135.6,,,,,,,,
17:52:15.636,2.34,135.636,,,,,,,,
17:52:15.707,2.34,135.707,,,,,,,,
17:52:15.746,2.34,135.746,,,,,,,,
17:52:15.783,2.35,135.783,,,,,,,,
17:52:15.855,2.36,135.855,,,,,,,,
17:52:15.892,2.36,135.892,,,,,,,,
17:52:15.925,2.36,135.925,,,,,,,,
17:52:15.995,2.37,135.995,,,,,,,,
17:52:16.030,2.37,136.03,,,,,,,,
17:52:16.099,2.37,136.099,,,,,,,,
17:52:16.132,2.37,136.132,,,,,,,,
17:52:16.204,2.37,136.204,,,,,,,,
17:52:16.242,2.37,136.242,,,,,,,,
17:52:16.277,2.37,136.277,,,,,,,,
17:52:16.347,2.37,136.347,,,,,,,,
17:52:16.380,2.36,136.38,,,,,,,,
17:52:16.452,2.36,136.452,,,,,,,,
17:52:16.490,2.36,136.49,,,,,,,,
17:52:16.523,2.36,136.523,,,,,,,,
17:52:16.597,2.36,136.597,,,,,,,,
17:52:16.630,2.36,136.63,,,,,,,,
17:52:16.701,2.36,136.701,,,,,,,,
17:52:16.734,2.36,136.734,,,,,,,,
17:52:16.805,2.36,136.805,,,,,,,,
17:52:16.838,2.35,136.838,,,,,,,,
17:52:16.910,2.35,136.91,,,,,,,,
17:52:16.947,2.35,136.947,,,,,,,,
17:52:16.981,2.35,136.981,,,,,,,,
17:52:17.049,2.35,137.049,,,,,,,,
17:52:17.083,2.34,137.083,,,,,,,,
17:52:17.153,2.34,137.153,,,,,,,,
17:52:17.203,2.34,137.203,,,,,,,,
17:52:17.256,2.35,137.256,,,,,,,,
17:52:17.289,2.35,137.289,,,,,,,,
17:52:17.357,2.35,137.357,,,,,,,,
17:52:17.391,2.35,137.391,,,,,,,,
17:52:17.426,2.34,137.426,,,,,,,,
17:52:17.497,2.33,137.497,,,,,,,,
17:52:17.530,2.33,137.53,,,,,,,,
17:52:17.597,2.32,137.597,,,,,,,,
17:52:17.630,2.31,137.63,,,,,,,,
17:52:17.699,2.31,137.699,,,,,,,,
17:52:17.733,2.3,137.733,,,,,,,,
17:52:17.802,2.3,137.802,,,,,,,,
17:52:17.841,2.32,137.841,,,,,,,,
17:52:17.878,2.34,137.878,,,,,,,,
17:52:17.950,2.34,137.95,,,,,,,,
17:52:17.985,2.35,137.985,,,,,,,,
17:52:18.057,2.35,138.057,,,,,,,,
17:52:18.091,2.36,138.091,,,,,,,,
17:52:18.124,2.36,138.124,,,,,,,,
17:52:18.195,2.35,138.195,,,,,,,,
17:52:18.228,2.36,138.228,,,,,,,,
17:52:18.297,2.37,138.297,,,,,,,,
17:52:18.334,2.37,138.334,,,,,,,,
17:52:18.402,2.37,138.402,,,,,,,,
17:52:18.440,2.37,138.44,,,,,,,,
17:52:18.509,2.37,138.509,,,,,,,,
17:52:18.542,2.38,138.542,,,,,,,,
17:52:18.577,2.38,138.577,,,,,,,,
17:52:18.648,2.38,138.648,,,,,,,,
17:52:18.686,2.37,138.686,,,,,,,,
17:52:18.759,2.37,138.759,,,,,,,,
17:52:18.797,2.37,138.797,,,,,,,,
17:52:18.830,2.37,138.83,,,,,,,,
17:52:18.897,2.37,138.897,,,,,,,,
17:52:18.930,2.36,138.93,,,,,,,,
17:52:18.998,2.37,138.998,,,,,,,,
17:52:19.032,2.37,139.032,,,,,,,,
17:52:19.104,2.37,139.104,,,,,,,,
17:52:19.139,2.38,139.139,,,,,,,,
17:52:19.209,2.39,139.209,,,,,,,,
17:52:19.247,2.39,139.247,,,,,,,,
17:52:19.283,2.39,139.283,,,,,,,,
17:52:19.357,2.4,139.357,,,,,,,,
17:52:19.390,2.41,139.39,,,,,,,,
17:52:19.457,2.39,139.457,,,,,,,,
17:52:19.490,2.38,139.49,,,,,,,,
17:52:19.528,2.37,139.528,,,,,,,,
17:52:19.597,2.36,139.597,,,,,,,,
17:52:19.630,2.36,139.63,,,,,,,,
17:52:19.698,2.35,139.698,,,,,,,,
17:52:19.731,2.35,139.731,,,,,,,,
17:52:19.799,2.34,139.799,,,,,,,,
17:52:19.835,2.35,139.835,,,,,,,,
17:52:19.906,2.36,139.906,,,,,,,,
17:52:19.942,2.35,139.942,,,,,,,,
17:52:19.981,2.36,139.981,,,,,,,,
17:52:20.049,2.36,140.049,,,,,,,,
17:52:20.086,2.36,140.086,,,,,,,,
17:52:20.157,2.36,140.157,,,,,,,,
17:52:20.195,2.36,140.195,,,,,,,,
17:52:20.229,2.35,140.229,,,,,,,,
17:52:20.297,2.35,140.297,,,,,,,,
17:52:20.331,2.34,140.331,,,,,,,,
17:52:20.397,2.34,140.397,,,,,,,,
17:52:20.431,2.34,140.431,,,,,,,,
17:52:20.504,2.34,140.504,,,,,,,,
17:52:20.541,2.33,140.541,,,,,,,,
17:52:20.609,2.33,140.609,,,,,,,,
17:52:20.646,2.34,140.646,,,,,,,,
17:52:20.681,2.35,140.681,,,,,,,,
17:52:20.747,2.35,140.747,,,,,,,,
17:52:20.780,2.35,140.78,,,,,,,,
17:52:20.847,2.35,140.847,,,,,,,,
17:52:20.884,2.35,140.884,,,,,,,,
17:52:20.955,2.35,140.955,,,,,,,,
17:52:20.989,2.35,140.989,,,,,,,,
17:52:21.061,2.35,141.061,,,,,,,,
17:52:21.095,2.35,141.095,,,,,,,,
17:52:21.132,2.35,141.132,,,,,,,,
17:52:21.203,2.35,141.203,,,,,,,,
17:52:21.236,2.35,141.236,,,,,,,,
17:52:21.305,2.35,141.305,,,,,,,,
17:52:21.338,2.35,141.338,,,,,,,,
17:52:21.408,2.36,141.408,,,,,,,,
17:52:21.441,2.36,141.441,,,,,,,,
17:52:21.477,2.36,141.477,,,,,,,,
17:52:21.544,2.37,141.544,,,,,,,,
17:52:21.577,2.37,141.577,,,,,,,,
17:52:21.646,2.38,141.646,,,,,,,,
17:52:21.679,2.38,141.679,,,,,,,,
17:52:21.747,2.38,141.747,,,,,,,,
17:52:21.781,2.38,141.781,,,,,,,,
17:52:21.852,2.37,141.852,,,,,,,,
17:52:21.885,2.37,141.885,,,,,,,,
17:52:21.954,2.37,141.954,,,,,,,,
17:52:21.988,2.37,141.988,,,,,,,,
17:52:22.058,2.37,142.058,,,,,,,,
17:52:22.091,2.37,142.091,,,,,,,,
17:52:22.158,2.37,142.158,,,,,,,,
17:52:22.193,2.37,142.193,,,,,,,,
17:52:22.262,2.36,142.262,,,,,,,,
17:52:22.296,2.36,142.296,,,,,,,,
17:52:22.330,2.35,142.33,,,,,,,,
17:52:22.397,2.35,142.397,,,,,,,,
17:52:22.431,2.35,142.431,,,,,,,,
17:52:22.497,2.34,142.497,,,,,,,,
17:52:22.531,2.34,142.531,,,,,,,,
17:52:22.600,2.34,142.6,,,,,,,,
17:52:22.636,2.34,142.636,,,,,,,,
17:52:22.707,2.35,142.707,,,,,,,,
17:52:22.741,2.35,142.741,,,,,,,,
17:52:22.809,2.35,142.809,,,,,,,,
17:52:22.842,2.35,142.842,,,,,,,,
17:52:22.911,2.35,142.911,,,,,,,,
17:52:22.944,2.35,142.944,,,,,,,,
17:52:22.981,2.34,142.981,,,,,,,,
17:52:23.051,2.34,143.051,,,,,,,,
17:52:23.087,2.33,143.087,,,,,,,,
17:52:23.159,2.32,143.159,,,,,,,,
17:52:23.194,2.32,143.194,,,,,,,,
17:52:23.230,2.32,143.23,,,,,,,,
17:52:23.299,2.32,143.299,,,,,,,,
17:52:23.332,2.32,143.332,,,,,,,,
17:52:23.403,2.33,143.403,,,,,,,,
17:52:23.442,2.33,143.442,,,,,,,,
17:52:23.514,2.33,143.514,,,,,,,,
17:52:23.548,2.33,143.548,,,,,,,,
17:52:23.581,2.33,143.581,,,,,,,,
17:52:23.653,2.34,143.653,,,,,,,,
17:52:23.690,2.33,143.69,,,,,,,,
17:52:23.760,2.34,143.76,,,,,,,,
17:52:23.797,2.34,143.797,,,,,,,,
17:52:23.831,2.35,143.831,,,,,,,,
17:52:23.900,2.36,143.9,,,,,,,,
17:52:23.936,2.37,143.936,,,,,,,,
17:52:24.009,2.37,144.009,,,,,,,,
17:52:24.043,2.38,144.043,,,,,,,,
17:52:24.111,2.38,144.111,,,,,,,,
17:52:24.144,2.38,144.144,,,,,,,,
17:52:24.211,2.38,144.211,,,,,,,,
17:52:24.248,2.37,144.248,,,,,,,,
17:52:24.281,2.36,144.281,,,,,,,,
17:52:24.353,2.36,144.353,,,,,,,,
17:52:24.387,2.35,144.387,,,,,,,,
17:52:24.459,2.34,144.459,,,,,,,,
17:52:24.492,2.34,144.492,,,,,,,,
17:52:24.559,2.34,144.559,,,,,,,,
17:52:24.595,2.34,144.595,,,,,,,,
17:52:24.629,2.36,144.629,,,,,,,,
17:52:24.696,2.38,144.696,,,,,,,,
17:52:24.730,2.39,144.73,,,,,,,,
17:52:24.799,2.39,144.799,,,,,,,,
17:52:24.837,2.39,144.837,,,,,,,,
17:52:24.905,2.4,144.905,,,,,,,,
17:52:24.943,2.39,144.943,,,,,,,,
17:52:24.977,2.4,144.977,,,,,,,,
17:52:25.049,2.37,145.049,,,,,,,,
17:52:25.087,2.36,145.087,,,,,,,,
17:52:25.161,2.35,145.161,,,,,,,,
17:52:25.194,2.34,145.194,,,,,,,,
17:52:25.263,2.33,145.263,,,,,,,,
17:52:25.301,2.33,145.301,,,,,,,,
17:52:25.337,2.32,145.337,,,,,,,,
17:52:25.405,2.33,145.405,,,,,,,,
17:52:25.438,2.34,145.438,,,,,,,,
17:52:25.509,2.35,145.509,,,,,,,,
17:52:25.544,2.36,145.544,,,,,,,,
17:52:25.615,2.36,145.615,,,,,,,,
17:52:25.652,2.37,145.652,,,,,,,,
17:52:25.690,2.38,145.69,,,,,,,,
17:52:25.762,2.38,145.762,,,,,,,,
17:52:25.796,2.38,145.796,,,,,,,,
17:52:25.831,2.37,145.831,,,,,,,,
17:52:25.907,2.37,145.907,,,,,,,,
17:52:25.945,2.36,145.945,,,,,,,,
17:52:26.013,2.36,146.013,,,,,,,,
17:52:26.048,2.36,146.048,,,,,,,,
17:52:26.081,2.36,146.081,,,,,,,,
17:52:26.151,2.35,146.151,,,,,,,,
17:52:26.185,2.35,146.185,,,,,,,,
17:52:26.259,2.34,146.259,,,,,,,,
17:52:26.294,2.35,146.294,,,,,,,,
17:52:26.361,2.35,146.361,,,,,,,,
17:52:26.397,2.34,146.397,,,,,,,,
17:52:26.432,2.34,146.432,,,,,,,,
17:52:26.504,2.34,146.504,,,,,,,,
17:52:26.542,2.34,146.542,,,,,,,,
17:52:26.613,2.34,146.613,,,,,,,,
17:52:26.648,2.33,146.648,,,,,,,,
17:52:26.681,2.32,146.681,,,,,,,,
17:52:26.753,2.32,146.753,,,,,,,,
17:52:26.786,2.31,146.786,,,,,,,,
17:52:26.858,2.31,146.858,,,,,,,,
17:52:26.896,2.31,146.896,,,,,,,,
17:52:26.935,2.3,146.935,,,,,,,,
17:52:27.009,2.3,147.009,,,,,,,,
17:52:27.045,2.31,147.045,,,,,,,,
17:52:27.115,2.3,147.115,,,,,,,,